comment,rate
ูู ูุจ ุชุงูพ ุงู ุจุฑูุฏ ุฑู ุฎุฑุฏู ุดฺฉู ุธุงูุฑุด ุฏููุง ูููุทูุฑู ุุณุงู ฺฉุจุงุฑ ุจุงุฏ ุจุฑุง ุฎุฏูุงุช ูุงุจ ุณุงุฒ ุจุจุฑูุด ุชุนูุฑ .ุงูุงู ณ ุณุงูู ุฏุงุฑู ณ ุจุงุฑ ุจู ุฎุงุทุฑ ุดฺฉุณุชู ูููุง ู ูุงุจ ุณุงุฒ ุจุฑุฏู ุุฏูุช ุจุดุชุฑ ุฏุฑ ุฎุฑุฏ ูุจ ุชุงูพ ฺฉูุฏ ูุงูุนุง ุงุนุตุงุจ ุฎูุฑุฏ ุฏุงุฑู ุูู ุจู ุฏูู ุถุนู ุณุฎุช ุงูุฒุงุฑ ุงุตูุง ุงู ูุฏู ุฑู ูพุดููุงุฏ ููฺฉูู.,0
ููุช ุจุงุฒุงุฑ ุฎู ูพุงูุชุฑู,0
ุจุฑุง ุงุณุชูุงุฏู ุฎุงูฺฏ ูุงูุนุง ุนุงูู,5
ุจู ูุณุจุช ููุช ุฎูุจู,4
"ุฎูุจู ฺฉุงุฑ ุฑุงู ุงูุฏุงุฒู ูู ูพุดููุงุฏ ู ฺฉูู 
ููพ ุชุงูพ ุจุง ฺฉุงุฑุช ฺฏุฑุงูฺฉ ุงู ุจุฑุฏ ูฺฏุฑุฏ . 
",3
ุณูุงูุุฎู ุฎูุจ ู ุนุงูุฺฉุงุฑุจุฑุฏุู ุณุงูู ุจู ุฏุณุชู ุฑุณุฏ,5
ุญุถูุฑ ุฎุฑุฏ ฺฉุฑุฏู ุจุฑุง ฺฉุงุฑุง ุณุจฺฉ ุฎูุจู ,5
ูู ฺฉู ุฎู ุฑุงุถ ูุณุชู ููุฑู ุงูุฒุงุฑ ุญุณุงุจุฏุงุฑ ูุตุจ ฺฉุฑุฏู ู ุณุฑุนุช ูพุฑุฏุงุฒุด ุฎูุจ ุฏุงุฑู ,5
ุณูุงู ูู ุงูู ููพ ุชุงูพ ุฑู ุจุฑุง ฺฉุงุฑ ูุง ุฑูุฒูุฑู ุฎุฑุฏู ู ุฎูุฏ ูุฑูุดูุฏู ุชู ุจุฎุด ูพุฑุณุด ู ูพุงุณุฎ ฺฏูุช ุจุฑุง ฺฉุงุฑ ูุง ุฑูุฒูุฑู ุฎูุจู ุงูุง ุจุงุฒ ุฑุฎุชู ู ุฎุจ ุฎู ุฎูุจู ุจุงุฒ ูุง ูุซู ูพ ุงุณ ฑณ ุง ุงุณุงุณู ฺฉุฑุฏ ููุช ุฑู ุจู ุฑุงุญุช ุงุฌุฑุง ูฺฉูู ุง ุญุช ููุง ฑท ุฑู ูู ูุตุจ ูฺฉูู ุง ุญุช ุงุฒ ููู ููู ุชุฑ ูุชููู ุฌ ุช ุง ู ุฑู ุฑู ฺฏุฑุงูฺฉ medium ุง low ุงุฌุฑุง ฺฉูู ุฎู ุฎูุจู ุญุชูุง ุงฺฏู ุฎุฑุฏุฏ ุงุฒ ุจูุชุฑู ุจุงุฒ ูุง ฺฉู ูุชููุฏ ูุตุจ ฺฉูุฏ wolverine : x_man origins ูุณุช ,0
ูุจ ุชุงูพ ูู ุตูุญู ูุงฺุด ฺฉุงุฑ ููุฏู ูพุด ฺูุฏุชุง ฺฉุงููพูุชุฑ ุจุฑุฏู ูุชููุณุช ุฑูุน ุนุจ ฺฉูู,1
ฺู ุฌุงูุจ.  ,0
ุจุฏ ูุณุช.,0
ุจุง ุณูุงู ูุง ฺฉู 20ุฑูุฒ ูพุด ุณูุงุฑุด ุฏุงุฏู ูููุฒ ุจู ุฏุณุชููู ูุฑุณุฏู,0
ููพ ุชุงุจ ุฏุฑ ุญุฏ ุงูุชุธุงุฑุงุช ุฏุงูุดุฌู ู ฺฉุงุฑูุง ุฑูุฒูุฑู ุงุณุช ูุจุงุฏ ุงูุชุธุงุฑ ุฒุงุฏ ุงุฒุด ุฏุงุดุช ุจุฑุง ฺฉุณุงู ฺฉู ูุฎูุงู ุจุฑูุงูู ูุง ุฑูุฏุฑูฺฏ ูุซู 3DMAX ุง  AutoCAD ุงูุซุงู ุงููุง ุงุณุชูุงุฏู ฺฉูู ุงู ูุฏู ููพ ุชุงุจ ุจู ฺฉุงุฑุดูู ููุงุฏ,5
ุนุงูู,5
ุงุฒ ูุนุงุจ ุงู ุฏุณุชฺฏุงู ุจุง ุงูููุช ุจุงุฏ ุงุฒ ฺฉูุช ูพุงู ุตูุญู ููุงุด ุจุฏูู ุงุณุชูุงุฏู ุงุฒ ูพูู TFT ุ ุฑู ฺุณุจุฏู ุจู ุจุฑุฏ ู ุบุฑ ูุงุจู ุงูุฒุงุด ุฏุงุฏู ู ฺฉุงุฑุช ฺฏุฑุงูฺฉ UHD ฺฉู ููฺฉู ุชู ุงุณุชูุงุฏู ุงุฒ ูุฑู ุงูุฒุงุฑ ูุง ฺฏุฑุงูฺฉ ูุชูุณุท ุดูุงุฑู ูุญุฏูุฏ ฺฉูู,0
ููพ ุชุงูพ ุฎูุจู ุจุฑุง ฺฉุงุฑูุง ุฑูุฒูุฑู,4
ูู ููู ุฑู 512 ฺฏฺฏุด ุญุถูุฑ ุงุฒ ูุบุงุฒู ุฎุฑุฏู 40ุชููู ูุฑฺ ุจุงุดู ูู ุจูุชุฑ ุงุฒ ููุน ฺฉู ูพุฑุณ ู ุฌู ฺฉุฑุฏู ฺฏูุชูุฏ ุฒุฑ ุจุงุฑ ุฏุณุช ุฏูู ูุฑู ,0
"ูู ุงู ููพโุชุงูพ ุฑู ฑฒ ุงุจุงู ดฐด ุจุง ููุช ณถ ูููู ุฎุฑุฏูุ ุงูู ุงูฺฉู ฺฉ ุฑูุฒู ุฑุณุฏ ู ูุงูุนุง ูพุฑูุณู ุชุญูู ู ูพฺฉุฌูฺฏ ุนุงู ุจูุฏ. ููพุชุงูพ ุจุณุงุฑ ุฒุจุง ุธุฑู ุจุงุฑฺฉ ู ุจุงฺฉูุช ูุณุชุด. ุงูุฏุงุฒู ุตูุญุด ุงูุฏุงุฒู ููพุชุงูพ ูุจููู ฺฉู ุงููู ูููู ุจูุฏ ุงูุง ฺูู ุญุงุดู ูุงุด ฺฉูฺฺฉ ุดุฏู ุฎู ุฌูุน ู ุฌูุฑ ุชุฑ ุดุฏู. ุฎู ูพุฑุณุฑุนุช ู ุฑูุงู. ููุฏูุฒ ฑฑ ุจุง ููุด ุจูุช ุฏุฑ ููุช ุฏููู ูุตุจ ุดุฏ. ฺฉู ุณุฑ ุฏุฑุงูุช ุฏุฑุงูุฑ ูุง ฺฏุฑ ุฏุงุดุช ฺูู ูุงูุง ุฑู ุดูุงุณุง ููฺฉุฑุฏ ูโุจุงุณุช ุงุฒ ุทุฑู ู ุงุณ ุจ ุงูุชุฑูุช ูโฺฏุฑูุช. ฺฉูุช ุตูุญู ุฎูุจู ุงูุง ุนุงู ูุณุช. ุญุงูุธู ฺฉู ฺฉููุ ุฑู ุจุฎุงุทุฑ LPDDR5ุจูุฏูุด ุฎู ุณุฑุนู ููุท ูุงุจู ุงุฑุชูุงุก ูุณุช ุูุจฺฉู ุจุณุงุฑ ุนุงู ูฺฉุฑูููู ุจุณุงุฑ ุนุงูุ ูู ุงู ููพโุชุงูพ ุฑู ุจุฑุง ุจุฑฺฏุฒุงุฑ ฺฉูุงุณ ูุง ุขููุงู ุฎุฑุฏู ฺูู ูุจู ุฎู ุงุฐุช ูฺฉุฑุฏ. ูฺฏูุฏุงุฑ ุจุงุชุฑ ูุงูุนุง ุนุงูู ุฏุฑ ุญุงูุช ฺฉู ูุตุฑู ูุฎุตูุตุง ุจุฑุง ููู ุฏุฏู ุง ุขูุณ ุฎู ฺฉู ูุตุฑู ูฺฉูู ู ุญุฏูุฏุง ถ ุชุง ท ุณุงุนุช ุจุงุชุฑ ูุฏู. ุณุฑุนุช ุดุงุฑฺ ูููโุงูุนุงุฏู ุงุณุ ุขุฏุงูพุชูุฑ ถต ูุงุช ุจุง ฺฉุงุจู ุจุง ฺฉูุช ุุงฺฏุฑ ุฑู rapid chargeุจุฒุงุฑุฏ ุนููุง ูู ุณุงุนุชู ุตูุฑ ุชุง ุตุฏ ุดุงุฑฺ ูฺฉูู. ุฎู ูุงุจูุช ูุง ุฎูุจ ุฏุงุฑูุ ุชุงูพ ุณ ฺูุฏ ฺฉุงุฑู  ุชุจุงุฏู ุงุทูุงุนุงุชุ ุงูุชูุงู ุชุตูุฑุ ุฎุฑูุฌ ุดุงุฑฺ pd. ุงูุง ูุชุงุณูุงูู ูุฑูุฏ ุดุงุฑฺ ุณุงูพูุฑุช ููฺฉูู. ู ุงูฺฉู always on usb ูุณุชุด ุญุช ููุช ุฎุงููุดู ูู ุชุงูพ ุณ ุจุฑู ุฏุงุฑู. ุณ ูพ ูุด ุจุฑุง ูู ูุงูุนุง ุฎูุจ ู ุณุฑุน ุนูู ูฺฉูู ฺูู i3ูุณู ฑณ ูุณุชุดุ ููพุชุงูพ ูุจูู ุณูุฑูู ดฐฐฐ ุจูุฏ ู ูุงูุนุง ูุณุจุช ุจู ุงู ุงุตูุง ูุงุจู ููุงุณู ูุณุช. ูุงูุง ู ุจููุชูุซ ุฎู ุฎูุจ ฺฉุงุฑ ูฺฉูู ุงุตูุง ูุทุน ูุฏุงุฑู ู ูพุงุฏุงุฑู. ูู ููพโุชุงูพ ูุงูุนุง ุฎูุจ ฺฉุงุฑ ูฺฉูู ุงุฒ ูุญุงุธ ฺฏุฑุฏุด ููุง ุฎู ุฎูุจู ู ุณุฑุนุชุด ูุณุจุช ุจู ฺฉุงุฑ ฺฉู ูโฺฉูุฏ ุชุบุฑ ูฺฉูู ู ุญุช ูุฑู ุงูุฒุงุฑ ูุงุจู ุชูุธูู. ููุท ู ูุดฺฉู ุจุงุจุช ุดุฑฺฉุช ฺฏุงุฑุงูุช ฺฉููุฏู ฺฉู ุชุง ุงุฑุฏุจูุดุช ดฐต ฺฏุงุฑุงูุช ุฏุงุฑู ุนููุง ุฒุฑ ฺฉุณุงู. ุงูุง ุฏุฑ ูุฑุตูุฑุช ูพุดููุงุฐ ูุดู ููพโุชุงูพ ุฒุฑ ุงู ููุช ุจุง ุณ ูพ ู ุณูุฑูู ูุณุชุด ุงุตูุง ุงุฑุฒุด ูุฏุงุฑู ูุงูุนุง ุงู ฺฉ ุฎุฑุฏุด ูุงุฑุฒู.
ูุฒุฏฺฉ ุจู ฺฉ ูุงู ุงููุงุน ููพุชุงูพ ุฑู ูฺฏุงู ฺฉุฑุฏู ุณุฑฺ ฺฉุฑุฏู ุงูุง ุจุง ุงู ุจูุฏุฌู ุจูุธุฑู ุจูุชุฑู ุงูุชุฎุงุจ ููู ุจูุฏ",5
ุจุฑุง ฺฏู ุฏุฑ ฺู ุญุฏ ุงุณุช,0
ุจูุชุฑู ฺฏุฒูู ุฏุฑ ุงู ุฑูุฌ ููุช,4
ูพู ุชุงูพู ุตุฏุงุด ูููู ู ููุงุฏ,1
ุนุงู ุจูุฏ ,5
ฺฉุงูุง ุจู ูููุน ุฑุณุฏ ุจุณุชู ุจูุฏ ุฎูุจ ุฏุงุดุช,3
ูููุน ูุตุจ ููุฏูุฒ ุจุง ููุด ุจูุช ฺฉุงุฑุช ุดุจฺฉู wifi ูุตุจ ูุดุฏ ูฺฏุฑุงู ูุจุงุดุฏ ุฏุฑุงูุฑุด ุจุง ูุฒูู ฺฉู ุจุง ูุนุฑู ูุฏุงู ุฏุณุชฺฏุงู ูุงุจู ุฏุงูููุฏ ุงุณุช ฺฉู ุฏุฑ ุฒูุงู ูุตุจ ุง ุจุนุฏ ุงุฒ ูุตุจ ููุฏูุฒ ุฑู ุฏุณุชฺฏุงูุ ูุตุจ ูุดู ู ูุงุจู ุฏุฑุงูุฑูุง ุฑู ุจุง ุงูุชุฑูุช ุงุฒ ุณุงุช ุงุตู ุขูพ ุฏุช ฺฉูุฏ ูููู ุจุงุดุฏ ,5
ุชุงุฒู ุจุฏุณุชู ุฑุณุฏ..ูู ุฏูุณุด ุฏุงุฑู ,5
ุนุฑุถ ุณูุงู. ูุชุงุณูุงูู ฺฉ ุฏู ููุชู ูุจู ุงูฺฉู ุจุฎุฑู ุงู ููพุชุงูพ ุฑู ููุชุด ฺูุฏ ูููู ุงุฑุฒูู ุชุฑ ุจูุฏ ุงูุง ุนุฑุถ ฺฉ ุฏู ููุชู ูู ุฎู ฺฏุฑูู ุดุฏ ุงูุง ููพุชุงูพ ุจุฏ ูุณุช ุฏุฑ ฺฉู ุฎูุจู ููุท ู ุนุจ ุจุฒุฑฺฏ ุฏุงุฑู ุงููู ุงูู ฺฉู ุฏุฑุงู ุงุตูุด ุฎู ุฎู ุณุฎุช ฺฏุฑ ูุงุฏ ู ุงฺฏู ูุชููุฏ ูุตุจ ฺฉูุฏ ุฎู ฺุฒุงุด ูุซู ุชุงฺ ูพุฏ ุง ฺฉุงุฑ ููฺฉูู ุง ุจุนุถ ูุณูุช ูุง ููุท ุนูู ูฺฉูู ู ุฎู ฺุฒุง ุฏฺฏุด ุนูู ููฺฉูู. ู ููุฏุงุฑ ูู ููพุชุงูพ ูุง ูููู ุฏุงุฎู ุงุฑุงู ุจู ุนูุช ุชุญุฑู ูุญุฏูุฏุช ุฏุงุฑู ฺฉู ุจุง ุงุณุชูุงุฏู ูุชูุฌู ูุดุฏ. ูฺฏูุฏุงุฑ ุดุงุฑฺุฑ ูู ุฎูุจ ูุณุช ุชูุฏ ุชูุฏ ุจุงุฏ ุชู ุดุงุฑฺ ุจุงุดู. ุจู ูุธุฑู ุง ูุฒูู ุจุดุชุฑ ฺฉูุฏ ุง ุจุฑุฏ ุณุฑุงุบ ุจุฑูุฏุง ุฏฺฏู. ,3
ุนุงู ุจูุฏ ,5
ูู ุฑุงุถ ุงู ฺุฒ ูุชูุงูุช ูุณุช ุจุฑุง ุจุงุฒ ูุง ูุนููู ููู ุฏุฏู.ุงุฏุช ูุฑุงุด ฺฉุงุฑูุง ุงูุฌูุฑ ุฎูุจู,0
ุนุงู ุงุฒ ูุธุฑ ุณุฎุช ุงูุฒุงุฑ ูุงู ุฑุฏู ุฎูุจ ูุณุช ุจุฑุง ฺฉุงุฑุง ุฎุงูฺฏ- ุฏุงูุด ุงููุฒ-ุฏุงูุดุฌู- ุดุฑฺฉุช ฺฉุงููุง ููุงุณุจู ููุฏูุฒ ฑฑ ูู ุฑุงุญุช ุฑูุด ูุตุจ ุดุฏ ููููู ุงุฒ ุฏุฌ ฺฉุงูุง ุชู ุจุณุชู ุจูุฏ ููุงุณุจ ู ุจู ูููุน ุชุญูู ุฏุงุฏู.,5
ุณุงู ฺฏุฐุดุชู ุฏุฑ ููู ุจุงุฒู ุฒูุงู ุงู ููพ ุชุงูพ ุฑู ุจุง ููู ฺฉุงููฺฏ ุจู ููุช 17 ูููู ุชููุงู ุฎุฑุฏู ุจุง ุฏูุงุฑ ุดุตุช ูุฒุงุฑ ุชููุงู ูู ุงูุงู ุจุง ุงู ููุช ุงุตูุง ุงุฑุฒุด ุฎุฑุฏ ูุฏุงุฑู ฺฏุฑฺู ุจุง ุงู ูุถุนุช ููุช ุฏูุงุฑ ุจุงุฒู ุจูุชุฑู ฺฏุฒูู ุงุณุช. ุฏุฑ ุทูู ฺฉ ุณุงู ุงุณุชูุงุฏู ูุนููู ุฑุงุถ ูุณุชู ูู ุญุงูุธู ุฏูุณุช ู ูพูุฌุงู ู ุดุด ุงุตูุง ฺฉุงู ูุณุช ู ุขุฒุงุฑ ุฏููุฏู ุงุณุช ุจูุชุฑู ุฏุฑ ูููู ุงูู ู ุญุงูุธู ุงู ุชู ูุณู ูพูุฌู ุฏุฑ ฺฉูุงุฑุด ุจุฎุฑุฏ,0
ุณูุงู. ุจู ููู. ููพ ุชุงูพ ุจุง ุทุฑุงุญ ุจุงุฑฺฉ ู ูููุงู ู ุฎู ุณุจฺฉ ู ุฒุจุง. ูุดุฎุตุงุช ูู ุจุง ุชูุฌู ุจู ููุช ููุงุณุจุชุฑู ฺฏุฒูู ูุณุช. ุตูุญู ููุงุด ุฒุงูู ุฏุฏ ููุงุณุจ ูุฏุงุฑู. ุจุฑุฎ ุฏูุณุชุงู ุฏุฑ ููุฑุฏ ูุดฺฉู ูุตุจ ููุฏูุฒ ฺฏูุชู ุจูุฏู. ุจุฑุงุญุช ูุชููุฏ ููุฏูุฒ ุฑู ุจุง ฺฉ ููุด ุจูุชุจู ูุตุจ ฺฉูุฏ. ููุฏูุฒ 11 ุฑู ุฏุงูููุฏ ฺฉูุฏ ู ุจุง ูุฑู ุงูุฒุงุฑ Rufus ฺฉ ููุด ุจูุชุจู ุฏุฑุณุช ฺฉูุฏ.,0
ุจุฑุง ูพุณุฑู ุฎุฑุฏู ุฑุงุถ ูุณุชู ,5
"ฺฉ ุงุฒ ุจุฏุชุฑู ุชุฌุฑุจู ูุง ุฎุฑุฏ ูู ุจูุฏ. ุณูุงุฑุด ุฏุงุฏู ุจู ฺฏูุฌู ุจุฑุณู ูุฑูุดูุฏู ุฏุฌ ฺฉุงูุง ุจูุฏ ุงูุง ููุฑุณุชุงุฏ ูู ณฒ ุฎุฑุฏู ุจูุฏู ู ุจุนุฏ ุดุฏ ณท! ูพุดุชุจุงู ุงุตูุง ุจุฏุฑุฏ ููุฎูุฑู ู ุงุฐุช ฺฉุฑุฏู ู ุฏุฑ ููุงุช ูุฌุจูุฑ ุดุฏู ุจุง ฺูุฏ ุฑูุฒ ุชุงุฎุฑ ณท ุจุฎุฑู
ููพ ุชุงูพ ุฎูุจู ุงูุง ุงู ุฑูุชุงุฑ ุฏุฌ ฺฉุงูุง ุฑู ูุฑุงููุด ููฺฉูู",2
ููุท ู ุชููู ุจฺฏู ููู ูู ุญุฑูู  ู ุนุงุงุงุงู ูู ฺฉ ุณุงูู ุฏุงุฑูุด ุจูุธุฑู ูุฑ ุจุฑูุงูู ุง ุฑู ุจฺฏ ุฑูุด ูุตุจ ฺฉุฑุฏู ุงุตูุง ฺฉู ููุงุฑู,0
ุจู ูุณุจุช ููุช ฺฉูุช ุฎูุจ ุฏุงุฑู ,5
ุฎู ุฎูุจู ุณุฑุนุช ุงูุง ุนุงู,5
ฺฉุงููุง ุณุงูู ุจุง ุจุณุชู ุจูุฏ ููุงุณุจ ุจุฏุณุชู ุฑุณุฏ ุงุฒ ุฎูุฏ ุฏุฌ ฺฉุงูุง ุฎุฑุฏู ุจูุฏู ูุฑุฏุงุด ูู ุจุฑุง ูุตุจ ุจุฑูุงูู ุงููุฏู ู ููู ฺุฒ ุนุงู ุจูุฏ,5
"ู ููพ ุชุงูพ ุฎูุจ ู ุนุงู ุงุฒ ุจุฑูุฏ ูุทุฑุญ ูููู ุฎู ฺฉุงููฺฏ ุฎูุจ ุฏุงุฑู ู ุฏุงุฑู ุจุงุชุฑ ููู ุงูุนุงุฏู ุตูุญู ููุงุด ุฎูุจ ู ููฺูู ฑต ู ถ ุงูฺ ุตูุญู ููุงุด ู ุจุณุงุฑ ุนุงูู 
ุนูุฑ ุจุงุชุฑ ุฎู ุฎูุจ ุฏุงุฑู ู ฺฉูุช ุจุฏู ู ุงุณุชุญฺฉุงู ูุงุจู ุฑูุงุจุช ุจุง ุณุงุฑ ููพโุชุงูพโูุง ุฎูุจ ุจุงุฒุงุฑ",0
ุฎูุจ ููฺฉุซุฑุง ูู ูุซุจุช ุจูุฏู ูุธุฑุงุช,0
ูู ุจุฑุง ฺฉุงุฑูุง ุฑูุฒูุฑู ู ฺฉุงุฑูุง ุฏุงูุดฺฏุงู ุฎุฑุฏู ู ุจุฑุง ุงู ฺฉุงุฑุจุฑุฏูุง ูุดฺฉู ุญุณ ูฺฉุฑุฏู. ููุฏูุฒ ุฑุงุญุช ูุตุจ ูุดู ู ุณุฑุนุช ููุงุณุจ ูู ุฏุงุฑู.,4
"ุจุฑุง ฺฉุงุฑุจุฑ ุขูุณ ุฎุฑุฏู ุ ุงฺฉุซุฑ ููพ ุชุงูพ ูุง ูููู ุทุฑุงุญ ุฎูุจ ู ุฒุจุง ุฏุงุฑู ุ ูู ฺูุฏู ูุฏู ููพ ุชุงูพ ุจุง ุงู ุจุฑูุฏ ุฎุฑุฏุงุฑ ฺฉุฑุฏู ู ุฏุฑ ฺฉู ุฑุงุถ ุงู 
ุณุฑุนุช ูพุฑุฏุงุฒูุฏู ุจุง ุชูุฌู ุจู ฺฉุงููฺฏุด ุฎูุจู ู ุตูุญู ููุงุด ูุงุจู ูุจูู ุฏุงุฑู 
ุจูุชุฑ ุจูุฏ ุฌูุณ ุจูุฏู ุงุด ุง ุญุฏุงูู ุฌูุณ ูุงุจ ูพุดุช ุตูุญู ููุงุด ููุฒ ุจุงุดู..
ุงูุง ุฏุฑ ฺฉู ุงุฑุฒุด ุฎุฑุฏ ุฏุงุฑู ",5
ุณูุงู ุจู ูุณุจุช ููุช ุฎูุจ ูุณุช ,2
"ูุงูุนุง ุชู ุงู ููุช ุจูุชุฑู ุงูุชุฎุงุจ ููู ููพุชุงูพ ูุณุช
ุณ ูพ ู core i3 ฺฉู ูุตุฑู ุจููู ุง ุฏุงุฑู ู ุฏุฑ ุงุณุชูุงุฏู ูุง ุฑูุฒูุฑู ู ุฏุงูุดุฌู ุงุตูุง ฺฉู ููุงุฑู
8 ฺฏฺฏ ุฑู Lpddr5 ฺฉู ุนูุงูู ุจุฑ ุงูฺฉู ุณุฑุนุช ุฎูุจ ุฏุงุฑู ูุตุฑู ุจููู ุง ุฏุงุฑู 
(ูุฑู Ddr5 ุจุง Lpddr5 ููุท ุชู ููู ูุตุฑู ุจุงุชุฑ ฺฉูุชุฑ ูุณุช Lp ูุฎูู low power ูุณุช)
ุตูุญู ููุงุด ูุงุจู ูุจูู ุฏุงุฑู 
ุนูุฑ ุจุงุชุฑ ุฎูุจู ูู ุชู ฺฉุงุฑ ุจุง ูุฑุฏ ู ูุจ ฺฏุฑุฏ ุงุณฺฉุฑู ุชุงู ต ุณุงุนุช ฺฏุฑูุชู ุงุฒุด 
ุณุฑุนุช ุดุงุฑฺ ฺฉู ุนุงูู
ูุตุจ ููุฏูุฒ ฑฑ ุญุฏูุฏ ฒฐ ุฏููู ููุชู ุฑู ฺฏุฑูุชุ ุจุนุฏ ูุตุจ ููุฏูุฒ ุญุชูุง ููู  ุฏุฑุงูุฑ ูุงุฑู ุงุฒ ุณุงุช ุงุตู ุฏุงูููุฏ ู ูุตุจ ฺฉูุฏ
ุจููุฏฺฏู ูุง ฺฉู ุถุนู ูุณุชู ู ุชูุฑุจุง ูุซู ุตุฏุง ฺฏูฺฏุณ A56 ุณุงูุณููฺฏ ูุณุช ุจููุฏุด ูู ุฎูุจ ฺฉู ุฏุงุฑู ุงูู ฺฉู ุจุง ุตุฏุง ุฏุงูุจ ุจููู ุดุฏู ู ูุงูุนุง ฺฉูุช ุฎูุจ ุฏุงุฑู
ูู ุงูู ูุฎูุงุณุชู ููู ููพุชุงูพู ุจุง ฺฉุงููฺฏ ุฑุงุฒู ณ ุจฺฏุฑู 
ูพุฑุฏุงุฒูุฏู Intel core i3 ุนููฺฉุฑุฏ ุจูุชุฑ ุฏุงุฑู ู ุจูฺูุงุฑฺฉ ฑฑ ูุฒุงุฑู ฺฏุฑูุชู ู ุจุฑุง ฺฉุงุฑ ูุง ุฑูุฒูุฑู ู ุฏุงูุดุฌู ุนุงูู (ุจู ุฌุฒ ุทุฑุงุญ)
ูู ุฑุงุฒู ณ ฺฏุฑุงูฺฉ ูุฌุชูุน Amd radeon ุฑู ุฏุงุฑู ฺฉู ุงุฒ ูุญุงุธ ฺฏุฑุงูฺฉ ุงุฒ ุงูุชู ( ุนู ุงู ููพุชุงูพ ) ูู ุชุฑู.
ุฌูุนุจูุฏ ูฺฉูู ุงฺฏุฑ ุฒุงุฏ ฺฉุงุฑ ฺฏุฑุงูฺฉ ูุซู ุทุฑุงุญุ ุจุงุฒุ ุงุฏุช ู ... ุงูุฌุงู ููุฏุฏ ุจุงุฏ ุณุฑุงุบ ุงูุชู ู ุณุฑุนุช ู ุฑููู ุจุดุชุฑ ุฑู ุชุฌุฑุจู ฺฉูุฏ.
ุงูุง ุงฺฏู ฺฉุงุฑ ฺฏุฑุงูฺฉ ุณุจฺฉ ูุฎูุงุฏ ุงูุฌุงู ุจุฏุฏ ูุซู ุงุฏุช ุนฺฉุณ ( ูุฏู ูู ) ุจุฑุฏ ุณุฑุงุบ ุฑุงุฒู ณ ู ูุฏุฑุช ฺฏุฑุงูฺฉ ุจุดุชุฑ ู ุจูุชุฑ ุฑู ุชุฌุฑุจู ฺฉูุฏ.
",5
"ุนุงู ูุณุช ุณุฎุช ุงูุฒุงุฑ ูุงู ุฑุฏู ุฎูุจ ุฏุงุฑู ุจุฑุง ฺฉุงุฑุง ุฎุงูฺฏ/ ุฏุงูุด ุงููุฒ/ุฏุงูุดุฌู/ ุฏูุชุฑ ู ุดุฑฺฉุช ฺฉุงููุง ููุงุณุจู
ููุฏูุฒ ฑฑ ูู ุฑุงุญุช ุฑูุด ูุตุจ ุดุฏ ",4
ุนุงู ุจูุฏ,5
ุชุงุจูู ฺฉู ูุจ,0
ุฑูุด ููุฏูุฒ 11pro ูุตุจ ฺฉุฑุฏูุ ุณุฑุนุช ุจุงูุง ุงููุฏู ุงุด ุฎูุจูุ ูุงูุชูุฑ ฺฉูุช ูุนููู ุฏุงุฑูุ ูพูุฑุช ุดุจฺฉู LAN ูุฏุงุฑู ู ููุท ุจุง ูุง ูุง ุจู ุงูุชุฑูุช ูุชุตู ูุดูุ ุจุงุชุฑ ุฎูุจ ูฺฏู ู ุฏุงุฑู. ุฏุฑ ฺฉู ูุณุจุช ุจู ููุช ุงุฑุฒูุฏู ุงุณุช,5
"ุณูุงู. ุจู ููู. ููพ ุชุงูพ ุจุง ุทุฑุงุญ ุจุงุฑฺฉ ู ูููุงู ู ุฎู ุณุจฺฉ ู ุฒุจุง. ูุดุฎุตุงุช ูู ุจุง ุชูุฌู ุจู ููุช ููุงุณุจุชุฑู ฺฏุฒูู ูุณุช. ุตูุญู ููุงุด ุฒุงูู ุฏุฏ ููุงุณุจ ูุฏุงุฑู.
ุจุฑุฎ ุฏูุณุชุงู ุฏุฑ ููุฑุฏ ูุดฺฉู ูุตุจ ููุฏูุฒ ฺฏูุชู ุจูุฏู. ุจุฑุงุญุช ูุชููุฏ ููุฏูุฒ ุฑู ุจุง ฺฉ ููุด ุจูุชุจู ูุตุจ ฺฉูุฏ. ููุฏูุฒ 11 ุฑู ุฏุงูููุฏ ฺฉูุฏ ู ุจุง ูุฑู ุงูุฒุงุฑ Rufus ฺฉ ููุด ุจูุชุจู ุฏุฑุณุช ฺฉูุฏ. ุจุนุฏ ุงุฒ ูุตุจ ูู ฺฉูู ุฏุฑุงูุฑูุง ุฑู ุงุฒ ุณุงุช ูููู ุฏุงูููุฏ ฺฉูุฏ. ูฺ ุฌุง ุฏฺฏู ุฑู ูฺฏุฑุฏุฏ ฺฉู ูพุฏุง ููโฺฉูุฏ. ููุท ุณุงุช ูพุดุชุจุงู ูููู ฺฉู ุขุฏุฑุณุดู ฺฏุงุจู ูุฐุงุฑู ุจุง ููุชุฑุดฺฉู ุจุฑุฏ ุฏุงุฎู ู ุจุนุฏ ุงุฒ ุงูุชุฎุงุจ ูุฏู ููพ ุชุงูพุ ุชูุงู ุฏุฑุงูุฑูุง ู ฺฉู ุญุฏูุฏ 3 ฺฏฺฏ ูุณุช ุฏุงูููุฏ ู ุจุฑุงุญุช ูุตุจ ฺฉูุฏ.
https://support.lenovo.com/us/en
ุจุฏูู ุฏุฑุงูุฑูุง ุญุช ูุงุฑูุณ ู ุชุงฺ ูพุฏ ูู ูุนุงู ูุณุช ู ุนููุง ููโุชููุฏ ฺฉุงุฑ ุงูุฌุงู ุจุฏุฏ. ุฏุงุฎู ุณุงุช ูุฏู ููพ ุชุงูพ ฺฉู ideapad slim 3i 15 15iru8 ูุณุช ุฑู ุณุฑฺ ฺฉูุฏ ุชูุงู ุฏุฑุงูุฑูุง ุฑู ูุงุฑู. ูููู ุจุงุดุฏ ู ูุฐุช ุจุจุฑุฏ. ",5
ูุนูุง ุฑุงุถ ุจูุฏู ูุณุจุช ุจู ููุชุด,5
"ุจุง ุณูุงู ุ ููพุชุงูพ ูุงูุนุง ุฎูุจู ุงูุจุชู ูุณุจุช ุจู ููุชุด ุฏุฑ ููุงุณู ุจุง asus vivobook x1504 ฺฉู ุณ ูพ ู ฺฉุณุงู ุฏุงุฑู. ฺฉูุช ุตูุญู ูููู ู ุณุฑุนุชุด ุจุฎุงุทุฑ ddr5 ุจูุฏู ุจุดุชุฑู ููฺูู ุณุฑุนุช ูุงุฑุฏุดู ุจุดุชุฑ ุจูุฏ ุญุฏูุฏ ณตฐฐ ุณุฑุนุช ุฎููุฏูุด ุจูุฏ ุงุฒ ูุนุงุจุด ูุชููู ุจู ฺฉู ุจูุฏู ุตุฏุงุด ู ูุงุจู ุงุฑุชูุง ูุจูุฏู ุฑูุด ุงุดุงุฑู ฺฉูู.
*ฺฉ ูฺฉุชู ุฎู ููู ุจุฑุง ฺฉุณุง ฺฉู ุงุญุณุงุณ ฺฉูุฏ ูฺฉูู ุจุง ุงู ููพุชุงูพ ุงูฺฉู ุชู ุจุงูุณ lenovo intelligent cooling ุฑู ุบุฑ ูุนุงู ฺฉูู ููฺูู ุชู ุจุงูุณ ุฏุณุชฺฏุงู ุฑู high performance ุจุฐุงุฑู ุชุง ูุดฺฉูุชูู ุญูุดู*",5
"ูู ุงูุชุงุฒ ฒ ุฏุงุฏู. ุงุฒ ูุธุฑ ูู ูู ูุธุฑ ูุฏู 
ููฺฏุงู ุฎุฑุฏ ุงู ููพ ุชุงูพ ุจู ุงู ูฺฉุงุช ุชูุฌู ฺฉูุฏ
ฑ.ูฺ ุณุณุชู ุนุงูู ูุฏุงุฑุฏ 
ฒ. ฺฉุงูุฑุ ููุณุ ฺฉุจูุฑุฏุ ฺฉูุ ูพุฏุ ุง ูฺ ููุงุฒู ุงุถุงู ุง ุงุดุงูุชูู ูุฏุงุฑุฏ
ณโ. ููฺฏุงู ูุตุจ ุณุณุชู ุนุงูู ุฌุฏุฏ ุฏูุช ฺฉูุฏ ฺฉู ููุด ุดูุง ููุฏูุฒ ฑฑ ู ุจุฑุง ูุงุฏุฑุจูุฑุฏ ูุง ุฌุฏุฏ ุจูุช ุดุฏู ุจุงุดุฏ
ด. ูฺฉุชู ุจุณุงุงุงุงุฑ ููู ( ุฑู ุงู ููพ ุชุงูพ ุจู ูฺ ูุฌู ูุงุจู ุงุฑุชูุง ูุณุช)ุ
ต. ุตูุญู ููุงุด ฺฉูุช ุขูฺูุงู ูุฏุงุฑุฏ.
ถ. ุณุน ฺฉูุฏ ุงุฒ ุณูฺฉุชโูุง usb ุงุณุชูุงุฏู ูฺฉูุฏ ู ุจู ุฌุง ุขู ฺฉ ูุงุจ ุชูู ฺฉูุฏ ุชุง ฺฉูุชุฑ ุงุณุชููุงฺฉ ุฏุงุดุชู ุจุงุด.
ท. ุงู ููพ ุชุงูพ ฺฉ ุงุฒ ุฎูุจโูุง ุฏุฑ ุจุงุฒู ููุช ุงูุชุตุงุฏ ูุจุงุดุฏุ ุงูุง ุชูุฌู ฺฉูุฏ ุงฺฏู ูุชููุฏ ุจุดุชุฑ ูุฒูู ฺฉูุฏุ ููุงุฑุฏ ุจูุชุฑ ูู ุฏุฑ ุจุงุฒุงุฑ ุงูุญุตุงุฑ ุงุฑุงู ูุฌูุฏ ุฏุงุฑุฏ
ธ. ุจู ุงูุฏ ุฑูุฒูุง ุฎูุด ู ุขูุฏู ุจูุชุฑ ุจุฑุง ูุฑุฏู ุฒุญูุชฺฉุด ู ูุธููู ุงุฑุงู",2
ููู ฺุฒ ุนุงูุ ุจู ุบุฑ ุงุฒ ุงูฺฉู ุจฺฉ ูุงุช ูุฏุงุดุชู ฺฉุจูุฑุฏ ููฺฉูู ุขุฒุงุฑุฏููุฏู ุจุงุดูุ ููฺูู ูฺฉุฑ ูโฺฉูู ุตูุญู ููุงุด ุงุฒ ูพุงูโุชุฑู ุชฺฉููููฺ ุชู ฺฉู ูุณุงู ุงูฺฉุชุฑฺฉ ุจูุฑู ุจุจุฑู ...,4
"ุตูุญู ููุงุด ูุงุฌุนู ูุณุช! ฺฉู ุณุฑุชู ุชฺฉูู ุจุฏ ฺฉูุง ููุจู ุฏฺฏู 
ุฏูุชู ูุฒูู ูู ุงฺฏู ุฒุฑ ุณ ุชููู ูพูู ุฏุงุฑ ุงู ุจูุชุฑู ฺฏุฐูู ูุณุช ุณุฑุนุชุด ุจุฏ ูุณ 
ฺฉุจูุฑุฏ ู ุธุงูุฑุด ุงูุง ุฎูุจู 
ฺ ุจฺฏู ูุงูุง ูพูู ุฒุงุฏ ูุฏุงุดุชู ุจุฑุง ุชุฑุฏ ุฎุฑุฏู ุฎูุฏู 
ุฑูุด ูู ุงฺฏู ูุงุจู ุงุฑุชูุง ูุจุงุดู ฺูุฏ ุณุงู ุฏุทู ุจ ูุดฺฉู ูุฎูุฑ ",2
ุฏุฑ ุญุฏ ุงุฏุงุฑ ุนุงูู,5
ููุช ููุงุณุจ,4
ููุช ุฑุณุฏู ุฏุณุชู ูพุงู ุดฺฉุณุชู ุจูุฏ ฺูู ุจุณุชู ุจูุฏ ุฎูุจ ูุจูุฏ ฺฉุงุฑุชุด ุฎู ุจุฒุฑฺฏ ุจูุฏ ูพุงุฑู ุดุฏู ุจูุฏ ,5
ููุงุณุจ ุจุฑุง ฺฉุงุฑูุง ูุนููู ู ุฎุงูฺฏ - ูุชุงุณูุงูู ุจุฑุง ููุฏูุฒ 10 ู ูพุงูุชุฑ ููุงุณุจ ูุณุช ู ุชุงูพ ูพุฏ ู ุจุฑุฎ ูุทุนุงุช ุจุฏุฑุณุช ฺฉุงุฑ ููฺฉูู ู ุฏุฑุงูุฑ ุจุฑุง ููุฏูุฒ 10 ูู ุจุตูุฑุช ุฑุณู ูุฏุงุฑู,4
ูุณุจุช ุจู ููุช ฺฉู ุฏุงุฑู ุฏุฑ ฺฉู ุฎูุจู,5
ฺฉุงููฺฏ ุฎูุจ - ุชุตูุฑ ุจุฏ - ุฑู ุงู ุฏุณุชุงู ุฏุงุฑุง ูุญุฏูุฏุช ุงุฑุชูุงุณุช . ุจุฑุง ุฑูุฒูุฑู ุจุฏ ูุณุช,3
"ูู ุจุฑุง ฺฉุงุฑุง ุงุฏุงุฑ ฺฏุฑูุชู ุนุงูู ุฑุงุถ ุงู
ุณุฑุนุช ฺฉุงุฑ ุฎูุจูุ ุจุง ูุฏูุง ุฏฺฏู ฺฉุงุฑ ฺฉุฑุฏู ุณุฑุนุช ฺฉูุฏ ุจูุฏ ู ุงุฐุช ฺฉููุฏูุ ูู ุงู ุนุงุงุงูู ",5
ุงุฒ ุฎุฑุฏู ุจุณุงุฑ ุฑุงุถ ูุณุชู. ููพ ุชุงูพ ุจุณุงุฑ ุฎูุจ ู ุงูุชุตุงุฏ ูุณุช. ููุท ุณุณุชู ุนุงูู ุฑูุด ูุตุจ ูุณุช ฺฉู ุจุงุฏ ุฎูุฏุชุงู ูุตุจ ฺฉูุฏ.,5
"ุจู ูุณุจุช ููุช ุฎู ุฎูุจู 
ููุท ููุงุดฺฏุฑุด  ู ุตุฏุง ุงุณูพฺฉุฑุด ุฎูุจ ูุณุช ฺฉู ุจุฑุง ูู ุฒุงุฏ ููู ูุณุช 
ู ุงูฺฉู ูุฏุฑุช ุณุฎุช ุงูุฒุงุฑ ุจุงูุง ุฏุงุฑู ูู ุจุฑุง ุฑููู ุชุฑ ู ุจูุชุฑ ฺฉุงุฑ ฺฉุฑุฏู ุฏุฑุงูุฑ ูุง ุฑู ุงุฒ ุณุงุช ุฎูุฏุด ุจฺฏุฑุฏ",5
ุชููุง ฺุฒ ฺฉู ูุง ุงูุฏุชุงู ู ฺฉูุฏ ฺฉูุช ูพุงู  ุฑูฺฏ ูุง ู ุชุตูุฑ ุงุณุช ,4
ููพ ุชุงูพ ุณุจฺฉ ุฎูุด ุฏุณุช ู ุฒุจุง ูุณุช. ุจุฑุง ฺฉุงุฑูุง ุฏูุชุฑุ ุฏุงูุดุฌู ู ุงูุฌูุฑ ฺุฒูุง ฺฉุงุฑูุง ููุงุณุจ ู ุจุงุดุฏ. ,5
ููพ ุชุงูพ ุจุณุงุฑ ุฎูุจ ุงุณุช. ุจุง ุงู ููุช ุจุณุงุฑ ููุงุณุจ ุงุณุช ุฏุฑ ุจุงุฒุงุฑ ุญุฏูุฏุงู ณ ูููู ุชููุงู ุงุฎุชูุงู ุฏุงุฑุฏ ุููููู ุงุฒ ุนูุงูู ุฏูุงุฑ,5
ููพุชุงุจ ุฎูุจ ูุณุช ุจุฑุง ูุจฺฏุฑุฏ ู ุงู ุฌูุฑ ฺุฒุง ุฎูุจู ู ุงูฺฉู ุชุง ุฌุง ฺฉู ูู ูุฏููู ููุฏูุฒ ฑฑ ุฑูุด ูุตุจ ูุดู,3
"ุจุฑุง ุงููุงู ุณูุงุฑุด ุฏุงุฏู ฺฉู ุฑุงุถ ุจูุฏู ูููููู
ุจุณุชู ุจูุฏ ูู ุนุงู ุจูุฏ",5
"ููููู ุจุงุจุช ุชุญูู ุจู ูููุน ู ุจุณุชู ุจูุฏ ุนุงู 
ููพ ุชุงูพ ฺฉุงููุง ุณุงูู ุจู ุฏุณุชู ุฑุณุฏ ู ูุนูุง ุฏุงุฏู ุฑูุด ููุฏูุฒ ูุตุจ ฺฉูู",5
"ฺฉุณุงู ฺฉู ูุฎูุงููุฏ ููพ ุชุงูพ ุงูุชุตุงุฏ ุจุฎุฑู 
ุญุชูุง ุญุชูุง ุญุชูุง ุฏูุช ฺฉูู
ุชุง ุฌุง ฺฉู ุจูุฏุฌู ุชูู ุงุฌุงุฒู ูุฏูุฏ
ููพ ุชุงูพ ุจุงุตูุญู ููุงุด ips ุจุฎุฑุฏ.
ุงฺฏุฑ ุจูุฏุฌู ุชูู ููุฑุณู ุง ูุจูุง ุจุง ุตูุญู ููุงุด TN ุฎุฑุฏ ฺฉุฑุฏุฏ
ฺูุฏ ุฑุงู ุฏุงุฑุฏ:
1.ุจูุณูู setting&gt;display&gt;connect to wireless display ุง ฺฉุงุจู HDMI ุจู ุชููุฒูู ูุชุตู ุดูุฏ.
2.ุง ูุงูุชูุฑ ุฌุฏุง ุจุง ุตูุญู ููุงุด ips ุจุฎุฑุฏ.",0
ุชุงุฒู ุจู ุฏุณุชู ุฑุณุฏู ูู ุณุงูู ุจูุฏ ููุท ฺฉุงุด ููุฏูุฒ ุฑูุด ูุตุจ ุจูุฏ,5
"ุฎูุจู
ููุงุณุจ ฺฉุงุฑูุง ุณุจฺฉ ู ุฏุงูุดุฌู ฺฉู ุฑุงุญุช ุงุฒ ูพุณุด ุจุฑ ูุงุฏ
ูู ู ูุณูุช ุงุฒ ุตูุญู ููุงุด ฺูุชุง ูพฺฉุณู ูุดฺฉู ุฏุงุดุชู ุงุฒ ุดุงูุณ ูู ู ุชูุงูุง ุชููุฏ ููุฑ ุฒุงุฏ ุฑู ูุฏุงุดุชู ู ููุฒ ุฏุงุดุชู ฺฉู ุนฺฉุณุดู ฺฏุฐุงุดุชู ู ูุฌุจูุฑ ุดุฏู ูุฑุฌูุน ฺฉูู.
ุฏุฑโฺฉู ุฎูุจู",5
"ูู ุงู ููพุชุงูพ ุฑู ุชุงุฒู ุฎุฑุฏู ณ ุฑูุฒู
ููุฏูุฒ 11 ูุตุจ ฺฉุฑุฏู ู ูุดฺฉู ูพุด ูููุฏ 
ุงุฒ ูุญุงุธ ุตูุญู ฺฉุจุฑุฏ ุฎู ูุฑู ู ุฑูุงู ูุณุช
ุตูุญู ููุงุด ุฎุจ ุชููุง ฺุฒ ูุณุช ฺฉู ุฎู ูุจุงุฏ ุงุฒุด ุงูุชุธุงุฑ ุฒุงุฏ ุฏุงุดุช 
ุงฺฏุฑ ูุฏุงู ุฏุฑ ุญุงู ุฌุงุจุฌุง ูุจุงุดุฏ ู ุฑู ูุฒ ุจุงุดู ููพุชุงูพ ุชู ู ุฒุงูู ุฎุงุต ุฎูุจู ุงุฐุช ููฺฉูู 
ุจุนุฏ ุงุฒ ูุตุจ ููุฏูุฒ ู ุงุณุชูุงุฏู ุงููู ุจุงุฑ ฺฉู ุดุงุฑฺ ููพุชุงูพ ุชููู ุดุฏ ุฒุฏู ุดุงุฑฺ 1 ุณุงุนุช ุดุงุฑฺ ุดุฏู ุฒูุงู ุจุฑุฏ ู ุงูฺฉู ุญุฏูุฏ 5 ุณุงุนุช ุงุฒุด ุงุณุชูุงุฏู ฺฉุฑุฏู ุฏุฑ ุญุฏ ูุจ ฺฏุฑุฏ ุจูุฏ
ุงุณูพฺฉุฑ ุฎู ุฎูุจ ุฏุงุฑู ู ูุงูุนุง ูุฒุงู ุตุฏุงุด ูุงุจู ูุจููู 
ุฏูุฑุจู ููพุชุงูพ ูู ฺฉูุช ูุนููู ุฏุงุฑู
ุฏุฑ ฺฉู ูุดู ฺฏูุช ุจุฑุง ุงุณุชูุงุฏู ุฑูุฒูุฑู ุฎูุจ ูุณุช 
ุงฺฏุฑ ุชุฌุฑุจู ุฌุฏุฏ ุฏุงุดุชู ุจุงุฒู ูุฑุงุด ูฺฉูู ูุธุฑูู",4
"ุจุงุณูุงู
ูู ุฒูุงู ุชุญููุด ุทููุงู ุจูุฏ ุจุดุชุฑ ุงุฒ ฑฐุฑูุฒ ุทูู ฺฉุดุฏููู ุฏุฑ ุจุณุชู ุจุงุฒ ุจูุฏ.",1
ููพ ุชุงูพ ุจุฑุง ฺฉุงุฑูุง ุนุงุฏ ู ุฑูุฒุงูู ุฌูุงุจฺฏู ูุณุชุด ุญุชูุง ุฏุฑุงูุฑูุง ููพ ุชุงูพ ูุณุชูู ุงุฒ ุณุงุช ูููู ูุตุจ ฺฉูุฏ ฺฉู ูุดฺฉู ุจุฑุงุชูู ูพุด ูุงุฏ ู ูฺฉุชู ุฏฺฏู ูู ฺฉู ุจุงุฏ ุชูุฌู ุฏุงุดุชู ุจุงุดุฏ ุตูุญู ููุงุด ุงู ููพ ุชุงูพู ููฺฉูู ฺุดูุชูู ุงุฐุช ฺฉูู ู ุจุฑุง ููู ุฏุฏู ููุงุณุจ ูุจุงุดู,4
ููุช ู ฺฉูุช ููุงุณุจู ุจุฑุง ูุตุงุฑู ุนุงุฏ,5
ุณูุงู ุฏูุณุชุงู ููพุชุงุจ ุฎูุจู ูุทุนุง ูู ุฏุฑ ุงูุชุฎุงุจ ุชุงูู ฺฉููุฏู ุฏูุช ฺฉูุฏ. ูู ุงู ููพุชุงุจ ุฑู ุงุฒ ูพูุงุฒุง ุฏุฌุชุงู ุณูุงุฑุด ุฏุงุฏู ฺฉู ุจู ุฏูู ุงูุฒุงุด ููุช ุชุงูู ูฺฉุฑุฏ.,0
"ุจุฑุง ฺฉุงุฑ ุญุณุงุจุฏุงุฑ ุฎุฑุฏู ุนุงูู ููุท ุงฺฏุฑ ูุตุฏ ุฏุงุฑุฏ ููุฒูุงู ููู ู ุนฺฉุณ ูู ุฑูุด ุจุฑุฒุฏ ssd ุฑู ุงุฑุชูุง ุจุฏุฏ 
ููุฏูุฒ 11 ูู ุจุง ุฏุฑุงููุงุด ุณุงุฒฺฏุงุฑ ุจูุชุฑ ุฏุงุฑู ุงูุง ููุฏูุฒ ุฏฺฏู ุง ูู ูุดู ูุตุจ ฺฉุฑุฏ ูุซูุง ุจุฑุง ุญุณุงุจุฏุงุฑ 10 ุจูุชุฑู .",5
ุณุฑ ููุช ุจู ุฏุณุชู ุฑุณุฏ ฺฉุงููุง ุขฺฉุจูุฏ ุจูุฏ ู ุจุณุงุฑ ุฒุจุง ูููุฒ ููุฏูุฒ ูุตุจ ูฺฉุฑุฏู ุจุจูู ฺฉุงุฑุงุด ฺุทูุฑู,5
ูุงูุนุง ูู ุฑุงุถ ุงู ุฎู ุฎูุจู,4
"ุฏุฑูุฏ
ูู ูุณุฎู ฺฉุงุณุชูู ุดุฏู ุฑู ุงุฒ ุจุงุฒุงุฑ ุฎุฑุฏู ู ุชุง ุงูุงู ฺฉู ุจุงูุงุด ฺฉุงุฑ ูฺฉูู ูุงูุนุง ุฑุงุถ ูุณุชู ู ุงุฒ ูุฑ ูุธุฑ ุนุงูู
ฺฉ ุงุฒ ูฺฉุงุช ูุซุจุช ุงู ููพโุชุงูพ ุจุงุชุฑุด ูุณุช ฺฉู ุฎู ุณุฑุน ุดุงุฑฺ ูุดู ู ุจุงุฒุฏู ุจุณุงุฑ ุนุงู ุฏุงุฑู
ููุฏูุฒ ฑฑ ุงูุฏุงุฎุชู ุฑูุด ุฎู ุฎูุจู
ฺฏู ุจุงูุงุด ูุฒุฏู ุชุงุญุงูุง ูู ูุงูฺฉุฑุงูุช ุฑู ฺฉุงููุง ุฑููู ูุงูุฑุฏ
ูุทุนุง ุฏุฑ ุงู ุฑูุฌ ููุช ุจูุชุฑ ุงุฒ ุงู ฺุฒ ูพุฏุง ููโฺฉูุฏ",0
ููพ ุชุงูพ ุฎูุจู ูู ุชุงุฒู ฺฏุฑูุชู.ูุดฺฉู ูุฏุงุดุช ู ูููู ุจูุฏ ฺฉู ูุฎูุงุณุชู.ุจุฑุง ฺฉุงุฑุชุง ุฑูุฒุงูู ุนุงูู.,5
ูุนุฑฺฉู ุจูุฏ. ุจุฑุง ุงุณุชูุงุฏู ุนุงุฏ ุนุงูู,5
ููุฏูุฒ ฑฑ ุจู ุฑุงุญุช ูุตุจ  ุดุฏ ู ุจุณุชู ุจูุฏ ูุงูุนุง ุฎูุจ ุจูุฏ ููููู ุงุฒ ุฏุฌ ูุณุจุช ุจู ููุช ูุงูุนุง ูุงุฑุฒู ู ุงุฑุฒุด ุฎุฑุฏ ุฏุงุฑู,5
ุงุฒ ุฎุฑุฏู ุฑุงุถ ุงู,5
ุงุฒ ูุฑ ูุญุงุธ ุนุงู ุจุณุชู ุจูุฏ ูพูููพ ,5
ุนุงู ุจูุฏ ุฑุง,5
ูุณุจุช ุจู ููุชุด ููู ฺุฒุด ุฎูุจ ุจูุฏ,5
ุนุงู ุจูุฏ ูุณุจุช ุจู ููุช ,5
"ุจุงุณูุงู. ุงูู ุงุฒ ุชุดฺฉุฑ  ฺฉูู ุงุฒ ุฏุฌฺฉุงูุง ู ูพฺฉ ููุทูู ุ ฺฉู ฑ ุฑูุฒ ุฒูุฏุชุฑ ุงุฒ ููุนุฏ ุชุญูู ุฏุงุฏู ู ุฏูู ุงูฺฉู ุฏุณุชฺฏุงู ูพูููพ ู ุตุญุญ ู ุณุงูู ุชุญูู ุฏุงุฏู ุดุฏ.
ุญุงูุง ู ุจุฑุฑุณ ุนููู ุจฺฉูู ู ุจุฑุฑุณ ุชุฎุตุต ุจูููู ุจุฑุง ฺฉุณุง ฺฉู ุชุฌุฑุจู ุฎุฑุฏ ู ูุฑูุด ุจุดุชุฑ ุฏุฑ ููพโุชุงูพ ุฏุงุฑู.
ุงูู ุงุฒ ููู ุจุงุทุฑ ุฑู ูฺฏู (ฺูู ูููโุชุฑู ูุฒุช ุงุฒ ูุธุฑ ูู ุจูุฏ):
ููุช ุงุฒ ฑต ุฏุฑุตุฏ ุจู ุดุงุฑฺ ูุฒู ุชูุฑุจุง ุชุง ตฐ ุฏููู ุชุง นต ุฏุฑุตุฏ ุดุงุฑฺ ูุดู ฺฉู ูุงูุนุงู ุนุงููุ ู ุงูฺฉู ุจุนุฏ ุงุฒ ุดุงุฑฺ ุดุฏู ุฏุณุชฺฏุงู ูุชููุฏ ูุฒุฏฺฉ ถ ุณุงุนุช (Screen on) ุจฺฏุฑุฏ ุชุง ุฏุฑุตุฏ ุจุฑุณู ุจู ฒฐ ุฏุฑุตุฏุ ููุชู ูู ุจุงุฒ ู ฺฉุงุฑ ฺฏุฑุงูฺฉ ูุซู ูุชูุดุงูพ ุงูุฌุงู ูุฏุงุฏู ู ููุท ุจุง ุงุณุชูุงุฏู ุงุฒ ุจุฑูุงูู ูุฑุฏ ุขูุณ ู ุฑูุดู ุจูุฏู ุงูุชุฑูุช ู ุจููุชูุซ ุชุณุช ุจุงุทุฑ ุฑู ุงูุฌุงู ุฏุงุฏู ฺฉู ุจู ุดุฎุตู ุจู ูุธุฑ ุฎูุฏู ุฎูุจ ุจูุฏ.
ุฏูู ูพุฑุฏุงุฒูุฏู ุฏุณุชฺฏุงูู:
ุงููู ุจุงุฏ ุจฺฏู ฺฉู ุฒูุงู ฺฉู ุงุณุชูุงุฏู ูโฺฉูุฏ ุงุตูุง ุฏุงุบ ููฺฉูู ู ุญุช ุงููุฏุฑ ฺฏุฑู ููุดู ฺฉู ูุงุฒ ูพุฏุง ฺฉูู ูู ุจุฒูู. ู ุฏุฑ ฺฉุงุฑูุง ุฑูุฒูุฑูโุง ฺฉู ุงูุฌุงู ูุฏู ูฺฺฏููู ูฺฏ ู ููฺฏ ูุฏุงุฑู ุฎุฏุงุฑูุดฺฉุฑ. 
ุตูุญู ููุงุด:
ูู ุจุฑุง ุชุงูพ ุงู ููพโุชุงูพ ุฑู ฺฏุฑูุชู ู ุฎู ุฒุงูู ุฏุฏ ู ุฑูฺฏ ุจุฑุงู ููู ูุจูุฏ ู ุจุดุชุฑ ุจุงุทุฑ ุจุฑุงู ููู ฺฉู ูููุน ูุทุน ุจุฑู ุงุฐุช ูฺฉูู ูู ุจู ูุธุฑ ุฎูุฏู ุจุฑุง ููู ุฏุฏู ฺูุฏ ููุฑ ูู ฺฉุงุฑ ุฑู ุฑุงู ููุฏุงุฒู ู ุงุทุฑุงูุงู ูู ุงุฒ ฺฉูุช ุฑุงุถ ุจูุฏู. ุฏุฑ ุถูู ู ฺุฒุด ฺฉู ุฎู ููููุ ุจุดูู ู ฺฉููู ููุฑุด ุจูุฏ ฺฉู ูุงูุนุงู ุนุงู ุจูุฏุ ุนู ุจุฑุง ฺฉุงุฑ ุชู ุชุงุฑฺฉ ุงููุฏุฑ ูโุชููุฏ ููุฑ ฺฉู ฺฉูุฏ ฺฉู ฺุดู ุฑู ุงุฐุช ูฺฉูู ฺฉู ุงู ูุฒุช ูู ุจุฑุง ูู ุจู ุดุฎุตู ุฎู ููุฏ ุจูุฏ.
ุญุงูุธู ssd ุชุง ุฌุง ฺฉู ูู ูููุฏู ุณุงูุณููฺฏ ูุจูุฏ ุญุงูุง ุจุงุฒ ุนฺฉุณุด ูู ูุฒุงุฑู ุดุงุฏ ุจู ุฏุฑุฏุชูู ุจุฎูุฑู.
ุจููุฏฺฏููุง ุจููุฏ ุตุฏุง ุฎูุจ ุฏุงุฑู ูู ุงุฒ ูุธุฑ ุญุฌู ุตุฏุง ุงุฒ ฺฏูุด ุดุงุฆูู ูพูฺฉู ุงู ณ ุถุนูโุชุฑู ูู ฺฏูุดโุฎุฑุงุด ูุณุช ู ูุฐุช ููู ุฏุฏู ู ฺฏูุด ฺฉุฑุฏู ุจู ููุณู ุฑู ุงุฒ ุฏุณุช ููุฏุฏ.
ุชุฑฺฉโูพุฏ ู ฺฉุจูุฑุฏ ูุฑู ู ุฑูุงู ุฏุงุฑู. 
ูุตุจ ููุฏูุฒ ฺฉู ุฎู ุชู ูุธุฑุงุช ุฏูุณุชุงู ุฏุฑ ููุฑุฏุด ุญุฑู ุฒุฏู ุดุฏู ุจูุฏุ ุจุงุฏ ุจฺฏู ุจู ุดุฎุตู ูู ุชู ูุตุจ ููุฏูุฒ ฑฑ ุจู ูฺ ูุดฺฉู ุจุฑูุฎูุฑุฏู.
ุฏฺฏู ฺุฒ ููููุฏ ู ุจู ูุธุฑู ูุฑ ฺ ุจูุฏ ฺฏูุชู ุงูุฏูุงุฑู ฺฉู ุจู ุฏุฑุฏุชูู ุจุฎูุฑู.",5
ุจุฏู ูุงู ุฑุฏู ูุณ ุฏฺฏ,4
ููุช ุงุฒ ุจุงุฒุงุฑ ููุงุณุจุชุฑ ุจูุฏ ู ููู ฺ ุนุงู ุจูุฏ,5
ูููุน ุชุญูู ฺฉุงูุง ุชูุฑุงู ูุจูุฏู ุงูุงู ุจุนุฏ ุฏูููุชู ุงููุฏู ูุจ ุชุงูพ ฺฉู ุฑูุดู ูฺฉูู ุตูุญู ุจุงูุง ููุงุฏ ูู ูพุดุชุจุงู ุขููุงู ูุณุช ูู ุชูุงุณ ุชููู ฺฉู ูพุงุณุฎ ุจุฏู ุฌูุงุจ ุงูู ูู ููุฏู,1
ุดูุงู ูู ุจุฎุงุทุฑ ูุจูุฏ ุจุฑู ฺฏุฑูุชู ููุชุง ฺฉู ุจุฑู ูุฑู ฺฉุงุฑู ููฺฏ ููููู .ฺฉูุช ุตูุญู ููุงุด ฺฉู ุงูุชุถุงุญู ูุงูุนุง ุฌุฏุงุฏุงุฒ ุฒุงูู ุฏุฏ ูุญุฏูุฏ ฺุดู ุฑู ูู ุงุฐุช ูฺฉูู ุุงูู ูุงฺฉุชูุฑ ุจฺฏุฑุฏ ููพุชุงุจ ุฎูุจู .ุจุงุชุฑ ุนุงูู ุจุง ููุฑ ธฐ ุฏุฑุตุฏ ุชู ณ ุณุงุนุช ฺฉุงุฑ ูุฏุงูู ู ูุง ูุง ุฑูุดู ุจุงุชุฑุด ุดุฏ ตฒ ุฏุฑุตุฏ  ู ุณุฎุช ุงูุฒุงุฑ ูู ููู ู ูฺฏ ููุฒูู .,4
ุฎู ุฎูุจ ู ุณุฑุน ูุณุช,5
ุจุณุงุฑ ุนุงู ู ฺฉุงุฑุจุฑุฏ ุงุฒ ููู ูุญุงุธ ููู ุงูุนุงุฏู ุงุณุช.,0
ูู ุฎู ููุช ุจูุฏ ฺฉู ูุฎูุงุณุชู ู ููพ ุชุงูพ ุฌุฏุฏ ุจฺฏุฑู ู ุชููุง ฺฉุงุฑ ฺฉู ูุฎูุงุณุชู ุจุงูุงุด ุงูุฌุงู ุจุฏู ุฏุฑ ุญุฏ ุชุฑุฏ ฺฉุฑุฏู ู ฺูุฏุชุง ุณุงุช ุจุงุฒ ฺฉุฑุฏู ุจูุฏ ุงูุง ฺฉุณ ูุจูุฏ ฺฉู ุฑุงูููุงู ฺฉูู ู ฺฏูฺฏู ูู ฺฉู ูฺฉุฑุฏู ุงุทูุงุนุงุช ูุงุฏุฑุณุช ู ูุนุฑู ููพโุชุงูพโูุง ุฎู ฺฏุฑูู.. ุฎูุงุตู ู ุฑูุฒ ุฏุฏู ุฏุฌฺฉุงูุง ุงูู ุดฺฏูุช ุงูฺฏุฒุด ฺฉุฑุฏู ููู ฺฉู ุฏฺฏู ุจู ุณู ุขุฎุฑ ุฒุฏู ุจูุฏู ุฑุณฺฉ ฺฉุฑุฏูู ูููู ุณูุงุฑุด ุฏุงุฏู ุจูุธุฑ ุฎูุฏู ฺฉู ูุดุฎุตุงุชุด ุฌูุงุจฺฏู ฺฉุงุฑ ูู ุจูุฏ ุงูุง ููุช ุงู ฺฉุฌุง ู ููุช ููพโุชุงูพุง ูพุดููุงุฏ ฺฏูฺฏู ฺฉุฌุง. ุฎูุงุตู ุณุฑุชูู ุฑู ุฏุฑุฏ ูุงุฑู ุงฺฏู ุงุญุงูุง ุดูุง ูู ฺฉ ูุณุชุฏ ูุซู ููุ ูุฎูุงู ุจูุชูู ุจฺฏู ุจุฑุง ฺฉุงุฑ ฺฉู ูุง ูุฎูุงู ุฒุงุฏ ูู ูุณุช ุธุฑูุช ู ูฺฏูุฏุงุฑ ุจุงุชุฑุด ูู ูุนูููู. ุงูุฏูุงุฑู ุงู ูุธุฑ ุจุฏุฑุฏ ฺฉ ูุซู ุฎูุฏู ุจุฎูุฑู,4
ููพ ุชุงูพ ุน ุงู ูุณุชุด,5
ฺฉุงูุง ุฎู ุดฺฉ ููฺฉูู ุดุฏู ุชุญูู ุฏุงุฏู ุดุฏ ูู ูุนูุง ูุนุงูุด ูฺฉุฑุฏู ุชุง ฺฉูุช ูุญุตูู ุฑุงููุฑุฏ ุงุฑุฒุงุจ ูุฑุงุฑ ุฏูู .,4
ูุงูุนุง ุฎูุจ ุจูุฏู ุจุนุฏ ุงุฒ ฺฉ ููุชู ุงุณุชูุงุฏู ู ุจุฑุง ฺฉุงุฑูุง ุฏุงูุดฺฏุงู ู ูุจ ฺฏุฑุฏ ู ุจุฑุง ุงุณุชูุงุฏู ุฑูุฒูุฑู ุชูุตู ูุดู ู ุฏุฑุญุฏ ุจุงุฒูุง ุณุจฺฉ ูู ูโุชูุงู ุงุณุชูุงุฏู ฺฉุฑุฏ,5
ูุง ุฏุฑ ุฏูุชุฑููู ุญุฏุงูู ถ ุฏุณุชฺฏุงู ุงุฒ ุงููุงุน ูุฎุชูู ุงู ูุฏู ุฏุงุฑู ู ุฎู ุฑุงุถ ูุณุชู.,5
ููพ ุชุงูพ ุฎูุจู ุ ุชุงุฒู ุฎุฑุฏู. ุฏุงุฏู ูุบุงุฒู ููุฏูุฒ ู ุงูุช ูุฑูุณ ูุตุจ ฺฉุฑุฏู,5
"ุงุฑุฒุด ุฎุฑุฏ ุฏุงุฑู 
ูู 3 ุนุฏุฏ ุณูุงุฑุด ุฏุงุฏู ",5
ุจู ูุณุจุช ููุชุด ุฎู ุฎูุจู ุงุฑุฒุด ุฎุฑุฏ ุฏุงุฑู,5
"ฺฉ ูุธุฑ ฺฉู ุจุฑุง ุฎุฑุฏุงุฑุงู:
ุงูู ุฏูุช ฺฉูุฏ ุฏุฑุฎุฑุฏุชูู ุณูพุณ ุซุจุช ุฎุฑุฏ ฺฉูุฏ ุ ุงูู ุงูฺฉู ุฑฺฉ ุจูุชูู ูุธุฑู ุฑู ูฺฏู. ุงุฒ ูุธุฑ ูุทุนุงุช ููพ ุชุงูพ ุจุฑูุฒ ู ูุณุจุชุง ุฎูุจ ุจุฑุง ฺฉุงุฑ ูุง ุณุจฺฉ ูุซู ุจุฑูุงูู ููุณ ุฎู ูุจุชุฏ ู ฺฉุงุฑ ูุง ุฑูุฒูุฑู ูุณุช ู ุจุฑุง ฺฉุงุฑ ุณูฺฏู ู ฺฏู ุงุตูุง ุฎูุจ ูุณุช. ุฑู ูุณู ุจุงูุง ูุณุช ูู ููุทู ุถุนูุด ุงูู ฺฉู ููุดู ุจุฑูุฒ ฺฉุฑุฏ ูพุณ ุชูุฌู ฺฉูุฏ ุจู ุงู ูฺฉุชู. ุงุฒ ูุธุฑ ุธุงูุฑ ุจูุธุฑู ู ุชู ูุตุจ ููุฏูุฒ ุงุฐุช ูุดุฏ ุงฺฏุฑ ุจูุฏ ูุจุงุดุฏ ูพุณ ุจุฏุฏ ฺฉุงู ูุช. ู ุงูฺฉู ุตูุญู ููุงุด ุงุฒ ูพูู TN ูุณุช ู ุตุงุฏูุงูู ุจฺฏู ุฎูุจ ูุณุช ู ุชู ฺฉุงุฑ ุญุฑูู ุง ูุซู ุงุฏุช ุงุฐุชุชูู ูฺฉูู ูพุณ ูุชููุฏ ูุงูุชูุฑ ุจฺฏุฑุฏ ุง LED ุนูุถ ฺฉู ูุง ุนูฺฉ ูุฎุตูุต ุงุณุชูุงุฏู ุจฺฏุฑ ุงุฐุช ูุด . ุฏุฑฺฉู ุงฺฏุฑ ุจุฑุง ฺฉุงุฑ ูุง ุณุจฺฉ ู ุจุฑูุงูู ููุณ ู ุงูุณ ู ูุจ ฺฏุฑุฏ ูุฎูุง ููุงุณุจ ุฎูุฏุชู ุชู ุงู ููุช.",4
ุจุณุชู ุจูุฏ ุฎูุจ.ูุณุจุช ุจู ููุช ุงุฑุฒุด ุฎุฑุฏ ุฏุงุฑู,5
ูู ุงุฒ ูุญุงุธ ุธุงูุฑ ู ูู ฺฉุงุฑุจุฑุฏ ุนุงูู. ููุฏูุฒ ุงุฒุฏู ูู ุจู ุฑุงุญุช ุฑูุด ูุตุจ ุดุฏ.,5
ฺฉู ูุฒู ู ฺฉุงุฑ ุฑุงู ุจูุฏุงุฒ ุ ุจุฑุง ฺฏู ู ฺฉุงุฑุงูุง ฺฏุฑุงูฺฉ ุณูฺฏู ุฎูุจ ูุณุช ูู ุจุฑุง ฺฉุงุฑูุง ุงุฏุงุฑ ุนุงูู ,5
ุฎูุจ,5
ุจุง ุจูุฏุฌู ฺฉู ุฎูุจู,3
ุนุงู,5
ุฏุฑ ุฎุฑุฏุด ุดฺฉ ูฺฉูุฏ ,5
ุฎูุจู ุฏุฑ ุญุฏ ุฎูุฏุด,3
ูุณุจุช ุจู ููุช ุฎูุจู ุณุจฺฉ ุจุฑุง ฺฉุงุฑ  ุฏุงูุดฺฏุงู ฺฏุฑูุชู,4
ุนุงู ุจูุฏ ุจุงุฏ ุฏุฑุงูุฑุงุดู ุงุฒ ุณุงุช ุฏุงูููุฏ ฺฉูุฏ.ููุฏูุฒ ฑฑ ูุตุจ ฺฉุฑุฏู,5
ุนุงูู ุจู ูุธุฑู ูู,3
"ุฎู ุจุฏู 
ฺฉูุช ุตุญูู ููุงุด ูู ฺฉู ุจูุฏ.
ุธุฑูุช ุญุงูุธู ูู ูุฏุงุดุช....",0
ฺฉุงุฑฺฉูุงู ุจุณุงุฑ ุจ ุญูุตูู ูโ ุงุทูุงุนุงุช ููุงุณุจ ุงุฑุงุฆู ููุฏููุฏ.,3
ุฎูุจู ู ุจู ููุช ู ุงุฑุฒู,4
ุณูุงู ููพ ุชุงูพ ุจุฑูุฒ ูุจุงุดุฏ ุูุถูุญ ุชุตูุฑ ู ุฏูุฑุจู ุนุงู ุฏุงุฑุฏ,5
ุงุฒ ููู ูุญุงุธ ุนุงู,5
ุฎูุจ ู ุนุงู ุจูุฏ ,5
"ุชู ุงู ุฑูุฌ ููุช ุนุงูู 
ุฑูุด ุงุฒ ูุณู ddr5 ูุณุช ฺฉู ุนุงูู ุฏุฑ ููุน ุฎูุฏุด
ุณ ูพ ู ุงูุชู ูุณู ฑณ ุนุงูู
ุจู ูุธุฑู ุชููุง ููุทู ุถุนูุด ููุน ุตูุญู ููุงุดุด ูุณุช ฺฉู Tn ูุณุช ",4
"ุนุงุงุงุงูู ุณุจฺฉ ู ุดฺฉ 
ูููุฒ ุฒุงุฏ ุจุงูุงุด ฺฉุงุฑ ูฺฉุฑุฏู
ูู ุงุฒ ุตุฏุง ู ุชุตูุฑ ุฑุงุถ ุงู
ููุท ฺฉุจูุฑุฏุด ููุดุชู ูุงุฑุณ ูุฏุงุฑู",5
ุณุฑ ููุช ุฑุณุฏ ุฏุณุชู ุ ููู ฺ ุนุงู ุ ูุณุจุช ุจู ููุชุด ุฎูุจู,5
ุฎู ุฏุฑ ุจู ุฏุณุชู ุฑุณุฏ.8ุงุณููุฏ ุฎุฑุฏ ฺฉุฑุฏู 20ุงุณููุฏุชุญูู ุฏุงุฏูุฏ,4
ุฎูุจ ุจูุฏ,4
ููพโุชุงูพ 15.6 ุงูฺ ูููู,0
"ุฏุฑ ุงู ุฑูุฌ ููุช ุชููุง ฺฏุฒูู ููุทู ู ูุงุจู ุฎุฑุฏ ุงู ููุฑุฏ ูุณุชุด
ุฏุฑ ููุฑุฏ ุฎุฑุฏุด ุงฺฏู ูุงุฒุชูู ุฑู ุจุฑุขูุฑุฏู ูฺฉูู ุดฺฉ ูฺฉูุฏ",5
ูุจุชุงุจ ุฎูุจ,4
ุฑุงุถ ุงู ุงุฒุด,5
"ุฏุณุชฺฏุงู ุฎูุจู
ุฎูุดฺฏู ูุณุจฺฉ ูุฎุงุต
ฺฉูุช ุจุฏูู ุงุด ูู ุฎูุจู
ุตูุญู ููุงุดุด ุฎู ุนุงู ูุณุช ูู ุจุง ุงู ููุช ูุงูุนุง ูุงุจู ูุจููู
ูู ููพุชุงูพ ุฑู ุจุฑุง ฺฉุงุฑ ุงููุงฺฉ ู ฺุฏูุงู ูุงู ูุงู ุฎุฑุฏู
ุนฺฉุณ ูุงูู ุจุฑุฒู ุชู ู ููู ุจุจูู ุ ู ุฏุฑ ฺฉู ุงูฺฉู 
ุจุงุทุฑุด ูู ุฎูุจู ฺฉุงุฑ ูโฺฉูู ุงฺฏู ฺฉุงุฑ ุณูฺฏู ุงูุฌุงู ูุฏุฏ ุฎู ูุฑูุงูู ุจุงุทุฑุด",4
ุจุณุงุฑ ุฑุงุถ ูุณุชู,5
"ุนุงู ุจูุฏ
",4
ุฎูุจู ููุฏูุฒ ฑฑ ุจุฑุงุญุช ูุตุจู ุจุนุฏ ูุตุจ ุจุงุฏ ุฏุฑุงูุงุดู ุงูพุฏุช ฺฉู ุชุง ฺฉุงุฑ ฺฉูู ุดุงุฑฺ ุฏูุด ุจุฏ ูุณ ุฏุฑ ุตูุฑุช ุงุณุชูุงุฏู ูุฏุงูู ุชุง ธ ุณุงุนุช ุฌูุงุจู ุฏุฑ ฺฉู ุฎูุจู,4
ุจู ูุณุจุช ููุช ฺฉุงุฑุง ูุงุจู ูุจูู ุฏุงุฑู . ุณุจฺฉู ู ุจุณุงุฑ ุธุฑู,4
ุฎูุจู ูู ุฑุงุถ ูุณุชู ููุท ููุฏูุฒ ูุฏุงุฑู ฺฉู ูู ููุฏูุฒ ฑฑ ูุตุจ ฺฉุฑุฏู ููุณ ู ูุง ูุง ุงุฒ ฺฉุงุฑ ุงูุชุงุฏ ฺฉู ุจุง ุขูพุฏุช ููุฏูุฒ ุจุนุฏ ุงุฒ ูุตุจ ููู ุฏุฑุงูุฑ ูุง ูุตุจ ุดุฏ,5
ุฎู ุจูุชุฑ ุงุฒ ูุจ ุชุงุจ ุงุณุชูฺฉ ฺฉู ููู ููุชูุง ูุฎูุงุณุชู ุจุฎุฑู ูุณุช,5
"ุจุฑุง ฺฉุงุฑ ูุง ุฑูุฒูุฑู ู ูุจฺฏุฑุฏ ู ุขูุณ ุจุณุงุฑ ุนุงู ุงูุง ุงฺฏุฑ ุจู ฺุดู ุจุงุฒ ู&amp;zwnj;ุฎูุงู ูฺฏุงู ฺฉูู ุณูุชุด ูุงู ุงุตูุง ฺูู ุจุฏุฑุฏ ุจุงุฒ ููุฎูุฑู ุชู ุงู ุฑูุฌ ููุช ุจูุชุฑู ฺุฒ ฺฉู ูุชููู ุจุฎุฑู ูููู 
ฺฉ ูฺฉุชู ุฏุฑุงู ูุงุด ู ุญุชูุง ุงุฒ ุณุงุช ุงุตู ุฏุงูููุฏ ฺฉูุฏ
ููููู ุงุฒ ุฏุฌฺฉุงูุง ฺฉู ุจู ูููุน ู ุจุณุชู ุจูุฏ ุฎู ุฎูุจ ุงุฑุณุงู ฺฉุฑุฏู",5
ุนุงู๐,5
"ุชุง ูุนุงูุช ูุง ููู ุญุฑูู ุง ุจุฑุงุญุช ุชูุงู ุฏุงุฑู 
ุจุง ุงู ููุช ุนุงูู ",5
ุจุณุงุฑ ุฑุงุถ ูุณุชู ููููู ุงุฒ ุฏุฌ ฺฉุงูุง ,4
ุฎุฑุฏ ูุณุท ูุฑุงูู ฺฉูุฏ ุจุชููู ุฎุฑุฏ ฺฉูู,2
"ุญุชูุง ุจุงุฏ ููุฏูุฒ 11 ุฑูุด ูุตุจ ุจุดู 
ุณุฑุนุช ุฎูุจ ูุฏุงุฑู ุงุตูุง ุจู ุงู ููุช ุงุฑุฒุด ุฎุฑุฏ ูุฏุงุฑู ูู ุชู ุงู ุฑูุฌ ููู ูุฏู ูุง ุฑู ฺฺฉ ฺฉุฑุฏู ูุฑู ุจุง ูู ูุฏุงุฑู 
ุจู ูุธุฑู ุงฺฏู ุจุชููุฏ CPU H ุงCPU HQ ุญุช ูุณู ูพุงู ุชุฑ ุจฺฏุฑุฏ ุฎู ุจูุชุฑ ุงุฒ ุงู ุณุฑ u ูุณุช ฺฉู ูุดุงุฑ ุจุงุฑุฏ cpu ฺฉู ูุงุฑู
ุงูุชุถุงุญู.  ูพุดุชุจุงู  ุฏุฌฺฉุงูุง  ุฎู ุถุนูู ุชุฑุจ ฺฏุฒูู ุจูุชุฑ ูุชููู ุจุงุดู ูู ุจู ุงุฌุจุงุฑ ุฎุฑุฏ ฺฉุฑุฏู",1
ูู ุงู ฺฉุงูุง ุฑู ุฎุฑุฏู ูู ููฺฏ ูฺฉุฑุฏ ูุฒูู ฺฉุฑุฏู ุฏุฑุณุช ุจุดู ูู ูุดุฏ ฺูุฏ ุจุงุฑู ุชูุงุณ ฺฏุฑูุชู ูู ูููู ูุดุฏู ู ุงูุชุธุงุฑ ูุฏุงุดุชู ุงููุฏ ุจ ฺฉูุช ุจุงุดู,1
ูุณุจุช ุจู ููุช ูุจ ุชุงูพ ุฎูุจู,5
ุฎูุจ ุจูุฏ,5
ุทุฑุงุญ ุฒุจุง ู ูุงุจู ูุจูู ,3
ููููู ุฏุฌ ฺฉุงูุง,5
ููู ุฏูู ูุฎูุงุฏ ุงุฒ ุงูุง ุฏุงุดุชู ุจุงุดู,0
ุจู ูููุน ู ุตุญุญ ู ุณุงูู ุจู ุฏุณุชู ุฑุณุฏ. ฺฏุงุฑุงูุช ุจู ูุธุฑ ุงูฺฉ ูุงุฏ. ุจู ูุณุจุช ููุช ุงุฑุฒูุฏู ุงุณุช ู ุณุฎุช ุงูุฒุงุฑ ุจู ุฑูุฒ ุฏุงุฑู.,4
ด ุฏุณุชฺฏุงู  ุฎุฑุฏู  ุฑุงุถู .ุณุฑุนุช ุฎูุจ ู ฺฉุงุณุชูู ูุดุฏู ุจูุฏู ุงุฒ ุฎุตูุตุงุช ูููู ุงู ููพุชุงูพู,5
ูู ฺฉุณุงูู ุฎุฑุฏู ู ุฎูุจ ุจูุฏู ุจุฏุด ููุท ุจุฏูู  ุถุนูุดู ู ูุญฺฉู ูุณุช,0
ุนุงู ูู ุงุฒ ุจุฑูู ุฎุฑุฏู ูุงูุนุง ุฑุงุถ ุจูุฏู ุจู ุดูุง ูู ูพุดููุงุฏ ูฺฉูู ุจุฎุฑุฏ ุจุง ุชุดฺฉุฑ ุงุฒ ุฒุญูุงุช ุฏุฌ ฺฉุงูุง,5
ุจุณุงุฑ ุฑุงุถ,5
ุจูุชุฑู ฺุฒ ฺฉู ูุชููุณุชู ฺฏุฑูุชู ููุงุณุจ ุดุบูู,5
ููพุชุงูพ ุฎูุจู ูุณุจุช ุจ ููุชุดุ ูู ุฑุงุถู ุงุฒ ุฎุฑุฏุดุ ุจุฑุง ฺฉุงุฑุง ุนุงุฏ ุฑูุฒุงูู ุงุฒุด ุงุณุชูุงุฏู ูฺฉูู ,5
ุฎูุจู,5
"ุฏูุณุช ุฏุงุฑู ู ุชุฌุฑุจู ุฎุฑุฏ ุจุฏ ุฑู ุจุงูุงุชูู ุจู ุงุดุชุฑุงฺฉ ุจุฒุงุฑู
ุทููุงูู ุฎูุงุตู ุจฺฏู
ฑ- ุนูุฑุบู ุงูฺฉู ููุดุชู ุชุณููุงุช 23 ุฏุฑุตุฏู ูููุน ุฏุฑุฎูุงุณุช ูฺฏู ฺฉู ุจุฑุง ุฏุฑุงูุช ุชุณููุงุช ุจุงุฏ ุงุดุชุฑุงฺฉ ุจุฎุฑ ฺฉู ุจุง ุชูุฌู ุจู ูุจูุบ ูุงู ูุจูุบ ุงุดุชุฑุงฺฉ ูุชูุงูุชู ู ูุฑุฎ ุจูุฑู ุฑู ุจู ุญุฏูุฏ 50 ุฏุฑุตุฏ ูุฑุณููู
ฒ- ุจุนุฏ ุงุฒ ูพุฑุฏุงุฎุช ูุฒูู ุงุดุชุฑุงฺฉ ู ูู ุจูู ฺฏูุช 72 ุณุงุนุช ุชุงุฆุฏ ูุฏุงุฑฺฉุช ุทูู ูฺฉุดู. ุฎุจ ... ูุจูุด ุจฺฏู ฺุฑุง ูุจูุด ููฺฏุ
ณ- ุฏุฌ ฺฉุงูุง ุฏุฑุงูุช ุชุณููุงุช ุฑู ุจุฑุง ุขูพุดู ูุง ุงุถุงูู ูุญุตูู ูุซู ุจูู ุบุฑ ูุนุงู ฺฉุฑุฏู
ุฎุจ ... ูุจูุด ุจฺฏู ฺุฑุง ูุจูุด ููฺฏุ
 ด- ุฏุฌ ฺฉุงูุง ุฏุฑุงูุช ุชุณููุงุช ุฑู ุจุฑุง ุฏุฑุงูุช ุฑูุฒ ุฏุฌ ูพูุงุณ ุบุฑ ูุนุงู ฺฉุฑุฏู
ุฎุจ ... ูุจูุด ุจฺฏู ฺุฑุง ูุจูุด ููฺฏุ
ต- ุชูุงุณ ูู ูฺฏุฑ ูฺฏู ูููู ฺฉู ูุณุช. ูพุดุชุจุงู ุฏุฌฺฉุงูุง ูฺฏู ุจู ุฏุฌ ูพ ุฒูฺฏ ุจุฒู ุฏุฌ ูพ ูฺฏู ุจู ุฏุฌ ฺฉุงูุง ุฒูฺฏ ุจุฒู
ุงุทูุงุนุงุช ฺฉุงู ุฑู ุงุฒ ุงูู ุฏุฑ ุงุฎุชุงุฑุชูู ููุฒุงุฑู (ุชูุฑุจุง ุชุง ุขุฎุฑ ูู ฺุฒ ููฺฏู) ููุช ุชู ฺุงูู ุจูุช ููุท ูููู
ุจู ุทูุฑ ุฎูุงุตู ุงฺฏู ูุฌุจูุฑ ูุณุชู ูุงู ุฏุฌ ูพ ูฺฏุฑู",3
"ูฺ ุณุณุชู ู ููุฏูุฒ ุฑูุด ูุตุจ  ูุณุช
ุจูุธุฑ ุฎูุจ ูุณุช

",5
ุจุณุงุฑ ุจุณุงุฑ ุฎูุด ูุฑู ู ุณุจฺฉุ ุนุงู ุจุฑุง ฺฉุงุฑ ูุง ุฑูุฒูุฑู,5
ุณูุงู ุฎูุจ,0
ุงุฒ ุฎุฑุฏู ุฑุงุถ ูุณุชู .ูุตุจุช ุจู ููุช ู ฺฉุงุฑุง ุฎู ุฎูุจู,5
ุจุฑุง ฺฉุงุฑุง ุณุจฺฉ ุฎูุจู,5
"ุนุงูุ ูุจ ุชุงูพ ุจุณุงุฑ ุฎูุจ ุงุณุช.
ฑ. ูฺ ุณุณุชู ุนุงูู ูุฏุงุฑุฏ ูู ููุฏูุฒ ฑฑ ุจุฑุงุญุช ูุตุจ ุดุฏ.
ฒ. ฺฉูู ุฏุฑุงูุฑ ูุง ุจุง ุงููู ุขูพุฏุช ููุฏูุฒ ูุตุจ ุดุฏูุฏ
ณ. ฺฉูุช ุณุงุฎุช ุฎู ุฎูุจ ุฏุงุฑุฏ
ด. ุฌุง ุงูฺฏุดุช ู ูฺฉ ุฑุง ูุดุงู ูู ุฏูุฏ
ต. ุณุจฺฉ ุงุณุช
ถ. ุจู ููุชุด ู ุงุฑุฒุฏ
ท. ุฏูุฑุจูุด ุฎูุจ ุงุณุช ู ฺฉุงูุฑ ูพูุดุงููุฏู ุฏุงุฑุฏ 
ธ. ฺฉ ูุด USB ุชุงูพ C ุฏุงุฑุฏ ฺฉู ุจุฑุง ฺฏูุด ูุง ุญุฏุฏ ฺฉู ฺฉุงุจู ุดุงุฑฺุดุงู ุฏู ุณุฑ ุชุงูพ ุณ ุงุณุช ุฎู ฺฉุงุฑ ุฑุงู ุจุงูุฏุงุฒ ุงุณุช
ธ. ฺฉูุช ุจููุฏฺฏู ูุง ุฏุฑ ุญุฏ ูุจุชุงูพ ุฎูุจ ุงุณุช
น. ุณุฑุนุช ุฏุณุชฺฏุงู ุนุงู ุงุณุช
ฑฐ. ุงุฑุชูุง ูุงุฑุฏ ู ุฑู ุฎู ุณุงุฏู ูุณุช ู ูุงุฒ ุจู ุจุงุฒ ฺฉุฑุฏู ุฏุณุชฺฏุงู ุฏุงุฑุฏ",5
"ูุฏู ุฏุฑุณุช ideapad slim 3i ูุณู 8 ูุณุช.
ูพูููพ ุฎูุฏ ูููู ุจูุฏุ ููู ุฏุงุฎู ุฌุนุจู ุจุฑุง ูุญุงูุธุช ุญู ุญูู ู ููู ุนุงูู.
ููพ ุชุงูพ ุจุณุงุฑ ุณุจฺฉ ุจุงุฑฺฉ ู ุฒุจุง ู ุฎูุด ุณุงุฎุชู. ูุณูุช ุจุงูุง ุจุฑุงู ูพุงู ูุงุชู.
ุดุงุฑฺ ุณุฑุน ุนุงู ุฏุงุฑู ุงูุง ูุชููุฏ ุบุฑ ูุนุงู ฺฉูุฏ.
ฺฉูุช ุตูุญู ฺฉุงุฑ ุฑุงู ุจูุฏุงุฒู ู ุฑูุดูุงุด ุฎูุจู.
ุณุฑุนุช ฺฉู ุฎู ุฎูุจู ุฎุตูุตุง ุงุณ ุงุณ ุฏ ูุณู 4 ูุณุช.
ฺฉุจูุฑุฏุด ูุงูู ูุงุด ฺฉู ุดู ู ููู ูุดุงุฑ ุจุฏ ุจุงุฒ ูฺฉูู ูุงุจ ุจู ุฏฺฉูู ูุง.
ุจุฑุง ุงุณุชูุงุฏู ุญุฏุงฺฉุซุฑ ุงุฒ ุงูฺฉุงูุงุช ู ูุงุจูุช ูุง ู ุฏุณุชุฑุณ ุจู ุชูุธูุงุช ุจุงุชุฑุ ุณูุงูุช ุจุงุชุฑ ู ฺฉูุชุฑู ุฎู ฺุฒุง ุฏฺฏู ุจุงุฏ ุจุฑูุงูู lenovo vantage ุฑู ุงุฒ ุงูพ ุงุณุชูุฑ ูุงฺฉุฑูุณุงูุช ูุตุจ ฺฉุฑุฏ ุชุง ุชูุงู ฺฏุฒูู ูุง ูุนุงู ุจุดู .
ุงุณ ุงุณ ุฏ QLC ูุณุช.
ุชฺฉ ุชฺฉ ุฏุฑุงูุฑูุง ุณุงุช ุณุงุฒูุฏู ุฑู ูู ูู ูุตุจ ฺฉูุฏ ฺูู ุฏุฑุงูุฑูุง ููุฏูุฒ ุงุฎุชุตุงุต ูุณุช ู ุนููฺฉุฑุฏ ู ฺฉุงุฑุง ุฎูุจ ููุฏู. ููฺูู ุจุง ูุตุจ ุจุฑูุงูู ุงุฎุชุตุงุต ูููู ู ุชูุงูุฏ ุฏุฑุงูุฑูุงุฑู ุขูพุฏุช ฺฉูุฏ. 
ุขูพุฏุช ุฌุฏุฏ ุจุงูุณ ุฑู ูู ุงุฒ ุณุงุช ูููู ุจฺฏุฑุฏ ุจุฑุฒุฏ ุญุชูุง.
ุตูุญู ููุงุด tn ุจุฑุง ุชูุงุดุง ููู ู ูุฏุฆู ุบุฑ ูุงุจู ุชุญููู ู ุจุงุฏ ุฏููุง ุงุฒ ู ุฒุงูู ูุดุฎุต ูฺฏุงู ฺฉู ู 5 ุณุงูุช ุณุฑุชู ุฌุงุจุฌุง ฺฉู ุชุตูุฑ ุจุฏ ูุดู.
ุงุตูุง ุจู ุฏุฑุฏ ููู ู ูุฏุฆู ููุฎูุฑู.",3
ุฎู ุฎุงุต ุงุฒ ูุฑ ูุธุฑ ุนุงู ุจูุฏ ,5
"ูููู ุทูุฑ ฺฉู ุงูุชุธุงุฑ ุฏุงุดุชู ู ุจูู ุฏูุณุชุงู ฺฏูุชู ุจูุฏู ุ ุชู ูพฺฉ ุงุตู ู ุจุณุชู ุจูุฏ ุนุงู ุจู ุฏุณุชู ุฑุณุฏ . 
ุงุฒ ูุฑูุดฺฏุงู ุข ุช ุตูู ู ุฏุฌ ฺฉุงูุง ูููููู
ู ูฺฉุชู ฺฉู ุฏูุณุชุงู ฺฏูุชู ู ฺฉูฺฉ ุฎูุจ ุจูุฏ ุจู ูู
ู ููู ุชฺฉุฑุงุฑ ูฺฉูู
 ุญุชูุง ุจุฑุง ูุตุจ ููุฏูุฒ ููุดู ุฑู ุจุงุฏ ุจู ุญุงูุช gtp ุฏุฑ ุจุงุฑุฏ
ฺฉู ูุชููุฏ ูุงุณู ุฑุงุญุช ฺฉุงุฑ ุงุฒ ุจุฑูุงูู Rufus ุงุณุชูุงุฏู ฺฉูุฏ",5
ุณูุงู ูุทูุง ููุฌูุฏ ฺฉูุฏ ุฏูุจุงุฑู . ุฎุฑุฏุงุฑู,0
ููพ ุชุงูพ ุฎูุจ ุงุณุช ูุณุจุช ุจู ููุชุด ู ฺฉุงุฑุง ฺฉู ุงุฒุด ุงูุชุธุงุฑ ุฏุงุฑู,4
"ุนููฺฉุฑุฏ ุฎูุจ ุฏุงุฑู
ุฑู ddr5 ุฏุงุฑู
ุจุฑุง ฺฉุงุฑ ูุนููู ุฎูุจู
ูุงุฑุฏ mm2 ูุฎูุฑู ูู ุฌุง ุฏู ุชุง ุฌุง ูุฏุงุฑู ู ุจุงุฏ ุนูุถ ุจุดู
ุณ ูพ ู ูุงุจู ูุจูู ู ุณุฑุนุช ุจุงูุง ุฏุงุฑู
ููุฏูุฒ ฑฑ ุฑุงุญุช ุฑูุด ูุตุจ ุดุฏ ุงูุจุชู ุจุงุฏ ูููุด ุฑู ุจูุฏ ุจุงุด
ฺฉุจูุฑุฏ ูุงุฑุณ ูุฏุงุฑู ู ุจุงุฏ ุจุฑฺุณุจุด ุฑู ุจุฎุฑ",5
ุจุณุงุฑ ุฒุจุง ู ุณุจฺฉู  ูุณุจุช ุจู ููุชุด ฺฉูุช ุฎูุจ ุฏุงุฑู,5
ูุณุจุช ุจู ููุช ุนุงูู,5
ุจุฏ ูุณุช ,3
"ุงูู ุงูุชูุงุฏ ูฺฉูู ู ุจุนุฏ ููุตู ุฑุงุฌุน ุจู ฺฉุงูุง ูฺฏู.
ุงุฒ ุฏุฌ ูุงุฑุงุญุชูุ ฺฉุงูุง ฺฉ ููุชู ุฏุฑ ูุฑฺฉุฒ ุชูุฒุน ุดูุฑู ุจูุฏุ ูุฑ ฺู ุงุฒ ูพฺฉ ุฏุฑุฎูุงุณุช ฺฉุฑุฏูุ ฺฉุงูุง ุฑู ูพุฏุง ููโฺฉุฑุฏ ฺฉู ุจุงุฑู! ุจุงุฑูุง ุชูุงุณ ฺฏุฑูุชู ู ุงุณุชุฑุณ ุฏุงุดุชู ฺฉู ุจุงูุงุฎุฑู ุชุญูู ูุฏู ุง ูู!
ุญุงูุง ุฏุฑ ููุฑุฏ ฺฉุงูุง: ุงูู ฺฉู ูุฎูุงุณุชู ุณูุงุฑุด ุฒููุ ุฏู ุฏู ุจูุฏู ุฒุฑุง ููุช ุฏุฌ ฺฉุงูุง ุงุฒ ูุบุงุฒู ูุง ุดูุฑูุ ฑ.ต ู.ุช ุจุงูุงุชุฑ ุจูุฏ ุงูุง ุจุนุฏ ฺฉู ุฏุณุชู ุฑุณุฏ ุฎู ุฎูุดุญุงู ุดุฏูุ ฺูู ุงฺฉุซุฑ ฺฉุงูุงูุง ูุฑูุดฺฏุงููุง ุณุทุญ ุดูุฑุ ุจุงุฒ ุดุฏู ู ุจุง ุตูุญู ฺฉูุฏ ูุงุฑุณ ุงุณุช ู ุง ูููุชุงฺูุ ุงูุง ุงู ฺฉุงูุง ฺฉุงููุง ูุงุฑุฏุงุช ู ุงุตู ู ฺฉุงููุง ูพูููพ ูุณุช.ุงุฒ ุง ุช ูุชุงฺฉู ฺฏุฑูุชู .
ุงุฒ ูุธุฑ ูู ุงู ููพ ุชุงูพุ ุจูุชุฑู ู ุจู ุตุฑูู ุชุฑู ููพ ุชุงูพ ูุงู ุฑุฏู ุจุฑุง ฺฉุงุฑูุง ุงุฏุงุฑุ ุจุฑูุงูู ููุณุ ุจุงุฒูุง ุณุจฺฉ ู ูุจฺฏุฑุฏ ู ุจุงุดุฏ. Corei3 ูุณู ฑณ ุชูุฑุจุง ููุชุฑุงุฒ corei5 ูุณู น ู ฑฐ ู corei7 ูุณู ท ู ุจุงุดุฏ ฺฉู ุงุฒ ูุธุฑ ููุช ุฎุฑุฏ ุงู ููพ ุชุงูพ ุฎู ุจู ุตุฑูู ุชุฑู
ุฑู ุงู ุณุณุชู ุชูุฑุจุง ููุฑุฏู ุจุง ram12GDDR4 ู ุง ram16DDR3 ูุณุช.
ุฑูฺฏ ุจุฏูู ุฎุงฺฉุณุชุฑ ูู ุฎู ุฎูุดุฑูฺฏู.
ูุนุงุจ: ุฎู ูุงุฒฺฉูุุจุฏูู ุถุนูู ู ุฎู ุขุณุจ ูพุฐุฑ ู ุถุฑุจู ูพุฐุฑู
ฺฉู ุงุด ุฎู ุจู ุฒูู ูฺุณุจู ู ุญุชูุง ููุฒูุงู ุจุง ุฎุฑุฏุ ูุงุณุด ฺฉูููพุฏ ุจุฎุฑุฏ.
ูุงูุชูุฑุดุ ุฑูฺฏูุง ุบุฑ ุดูุงู ู ฺฉูุฑูฺฏ ุฏุงุฑู ู ุฌููู ูุฏุงุฑู ุฑูฺฏูุงุด.
ุญุงูุธู ุฏุงุฎู ุงุด ฺฉูู ู ุจุงุฏ ูุงุฑุฏ ุงฺฉุณุชุฑูุงู ุชูู ฺฉูุฏ.
ูู ฺูู ฺฏูุชู ุจูุฏู ฺฏุงุฑุงูุช ฑธ ูุงูู ุฏุงุฑู ุ ูู ฒณ ุขุฐุฑ ุฎุฑุฏ ฺฉุฑุฏู ุงูุง ุดุฑูุน ฺฏุงุฑุงูุช ฺฉุงูุง ฺฉู ุจูู ุชุญูู ุดุฏุ ฒธ ุขุจุงู ูุณุช!!! ุนู ุนููุง ฺฉูุงู ฺฉูุชุฑ ฺฏุงุฑุงูุช ูุดู!!!
ูุตุจ ููุฏูุฒุด ุฑุงุญุชูุ ุฏุฑุงูุฑูุงุด ุฑุงุญุช ูุตุจ ูุดู.
ุจุฑุง ูุตุจ ููุฏูุฒ ุจุงุฏ ุญุชูุง ููุด ุจูุชุจู ู ุฏุฑ ูุฑูุช gtp ุจุงุดู ูฺฏุฑูู ุงุฑูุฑ ูุฏู.
ฺฉูุง ุจูุชุฑู ููพ ุชุงูพ ูุงู ุฑุฏู  ุจุงุฒุงุฑ ู ุนุงูู.",4
ุจู ูุธุฑ ูู ุชู ุงู ุฑูุฌ ููุช ูุงูุนุงู ุนุงู ูุณุชุด,5
"ุฏุฑ ุฑูุฌ ุงุฑุฒุงู ุจุณุงุฑ ุนุงู ูุณุช...ุจุฑุง ุฏุงูุดุฌู ูุง ู ุจุฑูุงูู ููุณ ู ฺฉุงุฑูุง ูุฑูุฑฺฏุฑ ุนุงู ูุณุช. ุณุฑุนุช ุจุณุงุฑ ุจุงูุง ุฏุงุฑุฏ...ูุณู 13 ุฑู LPDDR5 
ุนุงูู",5
ุฌุฏุง ูุจุชุงุจ ุฎูุจูุ ูู ฺฉู ุจุง ุงู ููุช ุฑุงุถ ุงู,5
ุจุฑุง ูุตุงุฑู ุฑูุฒูุฑู ู ูุจฺฏุฑุฏ ฺฏุฑูุชู ุณุจฺฉ ูุฒู ู ฺฉูุช ุณุงุฎุช ุนุงู ุฏุฑ ฺฉ ฺฉูุงู ุฏุฑ ุฎุฑุฏุด ุดฺฉ ูฺฉูุฏ,5
"ููพ ุชุงูพ ุฎูุจู ููุท ูุงุณู ุตูุญู ููุงุด ุจุงุฏ ฺฉุงูุจุฑู ฺฉูุฏ ฺฉู ุตูุญู ููุงุด ุฑูฺฏุด ุจฺฉู ุจูุชุฑ ุดู ุชู ฺฏูฺฏู ุณุฑฺ ฺฉูุฏ ูุงุฑู ฺฉุงูุจุฑู ฺฉุฑุฏู ุตูุญู ููุงุด ูุงุณู ุจูู ุจุฑูุงูู ูุง ุงูฺฉู ูุฎุตูุตุง ุงููุง ฺฉู ุจุฑูุงูู ููุณ ุทุฑุงุญ ุณุงุช ุงูุฌุงู ูุฏู
 ูุงุณ ฺฏูู ุจุฎูุงู ุจฺฏู ููุง 19 ููุง 21 ุงูุงุฑู ูุงุฑู csgo ุงู ูุงุฑู ฺุฒ ุฏฺฏู ุง ุงูุชุญุงู ูฺฉุฑุฏู",4
ููู ฺุฒ ุฎูุจ,5
ุฎูุจู ุจุฏ ูุณุช ฺฉูุชุด ุจุฏ ูุณุช ุฑุงุถู ,5
ููพ ุชุงูพ ุฎุฑุงุจ ูุฑุณุชุงุฏู ุจูุฏู ูุฑุฌูุน ฺฉุฑุฏู.,1
ุดฺฉ ู ุฒุจุง ูุชูุงุณุจ ุจุง ูุฌู ูพุฑุฏุงุฎุชุููุฏูุฒ ฑฑ ูุตุจ ุดุฏ ู ุจุณุชู ุจูุฏ ุฎู ุฎูุจ ุฏุงุดุช๐๐,5
ุจุณุงุฑ ุจุงุฑฺฉ ู ฺฉู ูุฒู ุ ุฑูฺฏ ุฒุจุง ุฎุงฺฉุณุชุฑ ุจุฑุงู ุ ุตูุญู ฺฉูุฏ ุจุง ุทุฑุงุญ ุฌุฐุงุจ ุ ฺฉุงููฺฏ ุญุฑูู ุง ุชุฑ ูุณุจุช ุจู ูุญุตููุงุช ุฑูุจุง ู ููฺูู ุงุฒ ูุญุงุธ ููุช.,5
ุนุงู ุจูุฏ,5
"ุณูุงุงุงู ฺู ุฑูุฒู ุฑุณุฏู ุจู ุฏุณุชู ุนุงูู ุณุฑุนุชุด ุฎู ุฎูุจ 
ูููููู ุงุฒ ุฏุฌ ฺฉุงูุง",5
ุจุงุทุฑ ููพ ุชุงูพ ูุดฺฉู ุฏุงุดุช  ู ููพ ุชุงูพ ููฺฏ ูฺฉุฑุฏ . ูุฑุฌูุน ฺฉุฑุฏู ูู ุฏุณุชฺฏุงู ุฑู ุจุฏูู ุฎุจุฑ ุจุฑฺฏุฑุฏููุฏู ู ูุฑุฌูุน ุฑู ูุจูู ูฺฉุฑุฏู . ูุฎุฑุฏ ฺฉู ุุถุฑุฑ ูฺฉูู . ููุฑู 1 ูู ุฒุงุฏุดู .,1
"ุจุณุชู ุจูุฏ ููุงุณุจ.
ุชุญูู ุจู ูููุน",5
ุนุงู ุจูุฏ ,5
ฺุฑุง ุงู ุฏุณุชฺฏุงู ุชู ุจูฺฉ ูุฑุงุฏ ุชุฎูู ููุฎูุฑู ููุชุธุฑู ๐ซ,0
ุฏุฑุฎูุงุณุช ูุฑุฌูุน ูุญุตูู ุฑู ุฏุงุฑู ูุงุฑุฏ ุฏุณุชฺฏุงู ูุดฺฉู ุฏุงุฑู,1
ุนุงูุ ฺฉูุช ุตูุญู ููุงุด ุจุงูุง ,5
"ูพูุฌ ุฑูุฒู ุจู ุฏุณุชู ุฑุณุฏู ู ุฑุงุถู ุงุฒุด 
ุจุฑุง ฺฉุงุฑุง ุญุณุงุจุฏุงุฑ ุฎุฑุฏู 
ููุท ุฎูุฑุฏู ุงุณูพฺฉุฑุด ุถุนูู ฺฉ ุงููู ุงุฐุช ฺฉููุฏู ูุณุช ",5
ุจุณุงุฑ ุธุฑู ู ุฒุจุง ุฎูุด ุฏุณุช. ุณ ูพ ู ุนุงู ุฑู ฺฉุงู ุตูุญู ููุงุด ุฎูุจ,5
"ููุฏูุฒ ุฑุงุญุช ูุตุจ ุดุฏ ุนุงูู. ุธุงูุฑุด ฺฉู ุดฺฉ ูุณุช
ุจุณุชู ุจูุฏ ูู ุนุงู ูุณุช. ุณุฑุนุช ุนุงูู",5
ุฎูุจ ุจูุฏ,4
ูููุฒ ุงุณุชูุงุฏู ูฺฉุฑุฏู ูู ุจุณุชู ุจูุฏุด ุฎูุจ ุจูุฏ ุฏุณุชฺฏุงู ูู ุณุงูู ู ุจู ูููุน ุชุญูู ุดุฏ,5
"ุฏุฑ ูุญุฏูุฏู ููุชุด ูุจ ุชุงูพ ุฎูุจู ู ฺฉุงุฑ ุฑุงู ุงูุฏุงุฒ
ุทุจุนู ุถุนู ูุง ุจุฑุง ฺฉุงุฑูุง ุณูฺฏู ุฏุงุดุชู ุจุงุดู ูู ุฏุฑ ูุฌููุน ุจุฑุง ฺฉุงุฑุจุฑ ุฑูุฒูุฑู ฺฏุฒูู ููุงุณุจ ูุณุช",5
"ุจุง ุงู ููุช ุจุฏ ูุณ
ฺฉุงุฑ ุฑุงู ุงูุฏุงุฒู ู ูุดู ุฎู ุงุฒ ฺฉุงุฑุง ุฑูุฒูุฑู ุฑู ุจุงูุงุด ุงูุฌุงู ุฏุงุฏ",5
ุจู ูุธุฑ ูู ุฏุฑ ููุช ุฎูุฏุด ุจูุชุฑู ุงูุชุฎุงุจู . ุจุฏูู ูฺ ูุดฺฉู ููุฏูุฒ ฑฑ ุฑูุด ูุตุจ ุดุฏ. ุฏุฑุงูุฑ ูุง ูู ุงุฒ ุณุงุชุด ุฏุงูููุฏ ู ูุตุจ ฺฉุฑุฏู. ฺฉูุช ุตูุญู ููุงุด ูู ูุงุจู ูุจููู. ,5
ุฎู ุฎูุจ ุจูุฏ ุงู,5
"ูุณุจุช ุจู ูู ุฑุฏูโูุง ููุชุด ุฎู ุฎูุจู.

ูุดฺฉู ุชุงฺ ูพุฏ ุฑู ูู ุจุงุฏ ุจุฑุฏ ุชู ุชูุธูุงุช ูุนุงู ฺฉูุฏ",5
ูุจุชุงุจ ุฎูุจู ูฺ ูุดฺฉู ูุฏุงุฑู,5
ูุณุจุช ุจู ููุชุด ุงุฒ ูุธุฑ ูู ฺฏุฑููู ุงูุง ุฎูุจ ููุดู ฺฉุงุฑุด ฺฉุฑุฏ ููู ฺ ุจู ุฏูุงุฑ ุจุณุชฺฏ ุฏุงุฑู.ุจุฑุง ุฑูุฒูุฑู ู ฺฉุงุฑุง ุณุจฺฉ ู ุญุณุงุจุฏุงุฑ ููุงุณุจู ููุท ุจุงุฏ ูุงุฑุฏ ุงฺฉุณุชุฑูุงู ุจุฎุฑ ฺฉูุงุฑุด,4
ุจ ูุธุฑุชุฑู ูุจุชุงุจ ุชู ุงู ุฑูุฌ,5
ุฏู ุฑูุฒู ุจู ุฏุณุชู ุฑุณุฏู ุ ููู ฺ ุนุงู ุจูุฏ ุจุณุงุฑ ุณุงูู ู ุจุง ุจุณุชู ุฎูุจ ุฑุณุฏุ ูุงุณู ููู ฺ ููพ ุชุงุจ ุฎูุจู ู ุณุฑุนุช ุฎู ุฎูุจ ุฏุงุฑู ููุท ุจุฑุง ุจุงุฒ ฺูู ฺฏุฑุงูฺฉ ูุฏุงุฑู ููุงุณุจ ูุณุช. ุฌูุงุจ ููู ฺ ุบุฑ ุจุงุฒู ูุฏู,5
ุจุงุชูุฌู ุจู ููุช ุง ฺฉู ูุณุช ฺฉุงุฑฺฉุฑุฏ ุงุฏู ุงู ุฏุงุฑู,4
ุฎูุจู ุชุงุฒู ุฑุณุฏู ,4
ูุงูุนุง ุชู ุฑูุฌ ููุช ุชุง ฒฐ ูููู ุจูุชุฑู ุงูุชุฎุงุจู,5
"ุจูุชุฑู ููพ ุชุงูพ ุจุฑุง ฺฉุงุฑูุง ุฑูุฒูุฑู ู ุงุฏุงุฑ. ูุณู 13 ู ุฑู ddr5 ุจุง ุณุฑุนุช 4800 ูฺฏุงูุฑุชุฒ.

ุนุงูู",0
